,Mkt-RF,SMB,HML,RMW,CMA,RF
2016-09-13,-1.48,-0.3,-0.43,0.55,-0.7,0.001
2016-09-14,-0.08,0.06,-0.81,0.09,-0.45,0.001
2016-09-15,1.08,0.3,-0.32,0.06,-0.21,0.001
2016-09-16,-0.36,0.29,-0.45,0.21,-0.19,0.001
2016-09-19,0.05,0.51,0.15,-0.08,0.36,0.001
2016-09-20,-0.02,-0.35,-0.41,-0.55,-0.1,0.001
2016-09-21,1.12,0.21,0.33,-0.4,0.52,0.001
2016-09-22,0.7,0.81,-0.06,0.08,0.11,0.001
2016-09-23,-0.6,-0.05,-0.21,0.53,-0.52,0.001
2016-09-26,-0.88,-0.3,-0.35,-0.15,0.17,0.001
2016-09-27,0.64,-0.13,-0.49,-0.04,-0.38,0.001
2016-09-28,0.56,0.23,1.1,-0.9,1.15,0.001
2016-09-29,-0.98,-0.39,0.52,0.28,0.67,0.001
2016-09-30,0.88,0.43,0.34,-0.2,0.1,0.001
2016-10-03,-0.26,-0.04,-0.13,0.02,0.17,0.001
2016-10-04,-0.46,0.06,0.15,0.11,-0.31,0.001
2016-10-05,0.58,0.42,0.79,-0.48,0.44,0.001
2016-10-06,-0.06,-0.23,0.29,0.44,0.23,0.001
2016-10-07,-0.38,-0.54,0.2,-0.28,-0.35,0.001
2016-10-10,0.52,0.57,0.04,-0.55,-0.19,0.001
2016-10-11,-1.3,-0.57,0.45,0.39,0.08,0.001
2016-10-12,0.06,-0.22,0.35,0.67,0.14,0.001
2016-10-13,-0.42,-0.74,-0.64,0.33,-0.15,0.001
2016-10-14,0.01,-0.35,0.58,0.07,0.1,0.001
2016-10-17,-0.29,-0.02,0.16,0.1,0.11,0.001
2016-10-18,0.6,-0.16,0.04,-0.3,-0.31,0.001
2016-10-19,0.25,0.13,0.94,-0.11,0.49,0.001
2016-10-20,-0.16,-0.04,-0.12,-0.48,-0.02,0.001
2016-10-21,0.02,-0.18,-0.32,0.17,-0.17,0.001
2016-10-24,0.54,0.06,-0.18,0.59,-0.49,0.001
2016-10-25,-0.46,-0.6,0.22,0.01,-0.02,0.001
2016-10-26,-0.23,-0.73,0.71,0.12,0.51,0.001
2016-10-27,-0.33,-0.94,0.56,-0.11,0.02,0.001
2016-10-28,-0.29,-0.14,0.11,-0.13,0.36,0.001
2016-10-31,0.02,0.1,0.1,0.48,-0.34,0.001
2016-11-01,-0.68,-0.38,0.19,-0.5,-0.06,0.001
2016-11-02,-0.73,-0.56,0.26,0.97,0.1,0.001
2016-11-03,-0.4,-0.37,1.05,0.13,0.8,0.001
2016-11-04,-0.12,0.85,-0.44,-0.09,-0.06,0.001
2016-11-07,2.23,0.17,-0.12,-0.31,-0.22,0.001
2016-11-08,0.4,-0.11,-0.23,-0.05,0.3,0.001
2016-11-09,1.46,2.13,1.02,-0.8,0.72,0.001
2016-11-10,0.32,1.46,1.82,-0.26,0.35,0.001
2016-11-11,0.18,2.52,-0.01,0.02,-0.33,0.001
2016-11-14,0.21,0.91,1.41,-0.22,0.34,0.001
2016-11-15,0.8,-0.54,0.15,-0.5,0.22,0.001
2016-11-16,-0.12,0.22,-0.54,0.76,-0.17,0.001
2016-11-17,0.56,0.16,-0.15,0.16,-0.42,0.001
2016-11-18,-0.16,0.57,0.39,-0.2,0.11,0.001
2016-11-21,0.77,-0.26,0.05,-0.05,0.35,0.001
2016-11-22,0.31,0.64,0.53,0.85,0.29,0.001
2016-11-23,0.16,0.56,0.19,-0.26,0.16,0.001
2016-11-25,0.4,-0.05,-0.29,0.26,-0.16,0.001
2016-11-28,-0.64,-0.77,0.09,0.68,-0.35,0.001
2016-11-29,0.11,-0.38,-0.06,0.43,-0.5,0.001
2016-11-30,-0.25,-0.17,2.21,-1.43,1.99,0.001
2016-12-01,-0.36,-0.39,2.03,0.31,0.62,0.001
2016-12-02,0.0,-0.01,-0.33,-0.11,0.09,0.001
2016-12-05,0.75,1.12,0.29,-0.31,-0.16,0.001
2016-12-06,0.48,0.63,0.22,-0.16,-0.08,0.001
2016-12-07,1.26,-0.49,0.49,0.84,-0.01,0.001
2016-12-08,0.36,1.24,0.61,-0.22,-0.1,0.001
2016-12-09,0.46,-0.35,0.19,-0.06,-0.04,0.001
2016-12-12,-0.3,-0.98,-0.13,0.11,0.04,0.001
2016-12-13,0.6,-0.58,-0.26,0.05,-0.17,0.001
2016-12-14,-0.82,-0.39,-0.29,0.45,-0.51,0.001
2016-12-15,0.46,0.46,0.3,0.04,0.06,0.001
2016-12-16,-0.22,-0.01,-0.41,-0.15,-0.01,0.001
2016-12-19,0.22,0.32,0.08,0.22,0.05,0.001
2016-12-20,0.44,0.5,0.64,0.12,0.1,0.001
2016-12-21,-0.24,-0.34,0.21,0.15,0.05,0.001
2016-12-22,-0.3,-0.78,0.26,-0.21,0.05,0.001
2016-12-23,0.19,0.53,-0.5,-0.36,-0.15,0.001
2016-12-27,0.27,0.23,0.14,0.17,0.04,0.001
2016-12-28,-0.87,-0.29,0.08,0.18,-0.15,0.001
2016-12-29,-0.04,0.1,-0.33,0.27,0.02,0.001
2016-12-30,-0.52,-0.06,0.2,-0.11,0.03,0.001
2017-01-03,0.83,-0.1,0.05,-0.21,0.26,0.002
2017-01-04,0.79,0.97,-0.16,-0.47,-0.04,0.002
2017-01-05,-0.21,-1.02,-0.79,-0.22,-0.08,0.002
2017-01-06,0.29,-0.74,-0.31,-0.35,-0.3,0.002
2017-01-09,-0.37,-0.34,-1.04,0.14,-0.52,0.002
2017-01-10,0.16,0.93,0.44,0.04,0.05,0.002
2017-01-11,0.31,-0.15,0.66,0.07,0.27,0.002
2017-01-12,-0.3,-0.64,-0.87,0.05,-0.28,0.002
2017-01-13,0.29,0.6,-0.08,-0.27,-0.17,0.002
2017-01-17,-0.49,-0.96,-0.63,0.59,0.39,0.002
2017-01-18,0.24,0.2,0.24,-0.11,-0.1,0.002
2017-01-19,-0.38,-0.55,-0.04,-0.1,-0.03,0.002
2017-01-20,0.33,0.09,0.2,0.14,0.01,0.002
2017-01-23,-0.29,-0.06,-0.32,0.43,-0.35,0.002
2017-01-24,0.83,0.79,0.82,-0.24,0.49,0.002
2017-01-25,0.84,0.21,0.44,-0.26,-0.16,0.002
2017-01-26,-0.1,-0.58,0.41,-0.08,-0.16,0.002
2017-01-27,-0.12,-0.06,-0.68,0.11,0.05,0.002
2017-01-30,-0.68,-0.74,-0.46,0.6,-0.15,0.002
2017-01-31,0.0,0.81,-0.57,-0.39,-0.25,0.002
2017-02-01,0.03,-0.08,0.04,0.22,-0.23,0.002
2017-02-02,-0.02,-0.3,-0.32,-0.31,0.16,0.002
2017-02-03,0.82,0.62,0.75,-0.5,0.31,0.002
2017-02-06,-0.27,-0.63,-0.2,0.1,-0.21,0.002
2017-02-07,-0.01,-0.37,-0.51,0.39,-0.23,0.002
2017-02-08,0.06,-0.28,-0.59,0.3,-0.08,0.002
2017-02-09,0.72,0.7,0.07,-0.27,0.05,0.002
2017-02-10,0.38,0.41,0.15,0.01,0.14,0.002
2017-02-13,0.49,-0.26,0.33,0.0,0.04,0.002
2017-02-14,0.45,-0.18,0.35,-0.44,-0.08,0.002
2017-02-15,0.54,0.14,-0.42,0.2,-0.06,0.002
2017-02-16,-0.16,-0.22,0.01,0.27,-0.23,0.002
2017-02-17,0.2,-0.06,-0.54,0.01,-0.4,0.002
2017-02-21,0.6,0.06,0.13,0.32,0.37,0.002
2017-02-22,-0.15,-0.38,0.11,0.48,-0.33,0.002
2017-02-23,-0.11,-0.71,0.24,-0.26,-0.45,0.002
2017-02-24,0.15,-0.11,-0.98,0.33,-0.23,0.002
2017-02-27,0.22,0.85,-0.33,-0.38,-0.15,0.002
2017-02-28,-0.42,-1.36,0.16,0.0,-0.2,0.002
2017-03-01,1.47,0.52,0.77,-0.54,0.54,0.001
2017-03-02,-0.7,-0.54,-0.9,0.63,-0.43,0.001
2017-03-03,0.09,-0.18,0.14,-0.07,-0.1,0.001
2017-03-06,-0.38,-0.41,-0.08,-0.05,0.01,0.001
2017-03-07,-0.36,-0.35,-0.06,0.09,-0.25,0.001
2017-03-08,-0.19,-0.19,-0.82,0.44,-0.75,0.001
2017-03-09,0.04,-0.53,-0.23,-0.59,-0.14,0.001
2017-03-10,0.34,0.06,-0.47,0.28,0.04,0.001
2017-03-13,0.13,0.32,-0.06,-0.11,0.04,0.001
2017-03-14,-0.36,-0.22,-0.01,0.5,-0.25,0.001
2017-03-15,0.86,0.69,-0.46,-0.12,0.5,0.001
2017-03-16,-0.06,0.44,0.23,-0.16,-0.36,0.001
2017-03-17,-0.08,0.58,-0.33,0.15,0.02,0.001
2017-03-20,-0.25,-0.2,-0.72,-0.15,-0.05,0.001
2017-03-21,-1.48,-1.4,-0.71,0.86,0.29,0.001
2017-03-22,0.16,-0.33,-0.56,0.16,-0.16,0.001
2017-03-23,-0.03,0.74,0.49,-0.03,0.2,0.001
2017-03-24,-0.05,0.11,-0.21,-0.27,-0.32,0.001
2017-03-27,-0.05,0.47,-0.49,-0.21,-0.27,0.001
2017-03-28,0.72,-0.05,0.72,0.05,0.39,0.001
2017-03-29,0.18,0.33,-0.09,-0.25,0.13,0.001
2017-03-30,0.36,0.42,0.92,-0.06,-0.16,0.001
2017-03-31,-0.16,0.55,-0.32,0.04,0.09,0.001
2017-04-03,-0.28,-1.15,-0.08,-0.15,-0.07,0.003
2017-04-04,0.05,-0.24,0.32,-0.08,0.2,0.003
2017-04-05,-0.44,-0.83,-0.3,0.46,-0.1,0.003
2017-04-06,0.32,0.74,0.48,-0.13,0.37,0.003
2017-04-07,-0.08,0.07,-0.26,0.01,-0.05,0.003
2017-04-10,0.08,0.14,0.07,0.19,0.49,0.003
2017-04-11,-0.05,0.8,0.23,0.21,0.19,0.003
2017-04-12,-0.49,-0.94,-0.55,-0.04,-0.54,0.003
2017-04-13,-0.75,-0.34,-0.81,-0.03,-0.38,0.003
2017-04-17,0.89,0.29,0.24,0.02,-0.14,0.003
2017-04-18,-0.25,0.31,-0.18,0.31,0.11,0.003
2017-04-19,-0.08,0.56,-0.45,0.44,-0.84,0.003
2017-04-20,0.83,0.59,0.26,0.2,-0.19,0.003
2017-04-21,-0.28,0.06,-0.15,0.35,-0.19,0.003
2017-04-24,1.18,0.28,0.5,-0.07,0.16,0.003
2017-04-25,0.65,0.39,-0.07,-0.37,0.31,0.003
2017-04-26,0.04,0.75,0.31,0.23,0.01,0.003
2017-04-27,0.05,-0.2,-0.97,0.2,-0.57,0.003
2017-04-28,-0.3,-0.76,-0.61,0.11,-0.19,0.003
2017-05-01,0.21,0.25,-0.12,-0.18,-0.51,0.003
2017-05-02,0.03,-0.47,-0.21,0.39,-0.35,0.003
2017-05-03,-0.19,-0.52,0.21,-0.04,0.13,0.003
2017-05-04,0.02,-0.13,-0.35,0.36,-0.71,0.003
2017-05-05,0.46,0.11,0.0,-0.22,0.65,0.003
2017-05-08,-0.04,-0.2,0.26,0.13,0.08,0.003
2017-05-09,-0.05,0.4,-0.8,0.34,-0.37,0.003
2017-05-10,0.2,0.25,0.02,-0.31,0.39,0.003
2017-05-11,-0.26,-0.43,-0.16,-0.25,-0.02,0.003
2017-05-12,-0.18,-0.38,-0.6,-0.27,-0.33,0.003
2017-05-15,0.53,0.25,0.21,-0.31,0.04,0.003
2017-05-16,-0.03,0.1,-0.09,-0.25,-0.12,0.003
2017-05-17,-1.97,-0.96,-0.6,0.53,0.29,0.003
2017-05-18,0.4,0.01,-0.39,-0.34,-0.6,0.003
2017-05-19,0.7,-0.33,0.4,-0.09,0.79,0.003
2017-05-22,0.56,0.25,-0.3,-0.04,-0.31,0.003
2017-05-23,0.18,-0.02,0.64,-0.23,0.08,0.003
2017-05-24,0.24,-0.19,-0.46,0.14,-0.3,0.003
2017-05-25,0.42,-0.35,-0.74,0.54,-0.63,0.003
2017-05-26,0.06,-0.03,0.1,0.18,0.14,0.003
2017-05-30,-0.19,-0.54,-0.35,0.63,-0.04,0.003
2017-05-31,-0.02,-0.04,-0.53,0.28,-0.09,0.003
2017-06-01,0.95,1.02,0.04,-0.2,0.05,0.003
2017-06-02,0.35,0.44,-0.76,0.16,-0.48,0.003
2017-06-05,-0.17,-0.46,-0.03,-0.17,0.05,0.003
2017-06-06,-0.28,0.11,-0.02,-0.47,0.38,0.003
2017-06-07,0.15,-0.12,-0.03,0.53,-0.67,0.003
2017-06-08,0.18,1.19,0.93,-0.69,-0.05,0.003
2017-06-09,-0.12,0.3,2.42,-0.15,1.09,0.003
2017-06-12,-0.11,-0.17,0.33,0.08,0.57,0.003
2017-06-13,0.55,0.06,-0.13,-0.3,-0.08,0.003
2017-06-14,-0.17,-0.55,-0.52,0.12,-0.52,0.003
2017-06-15,-0.3,-0.3,-0.11,0.08,-0.1,0.003
2017-06-16,-0.03,-0.25,-0.15,-0.46,0.16,0.003
2017-06-19,0.86,0.11,-0.75,-0.11,-0.1,0.003
2017-06-20,-0.73,-0.44,-0.5,-0.21,-0.23,0.003
2017-06-21,-0.07,-0.23,-1.68,-0.23,-1.15,0.003
2017-06-22,0.02,0.46,-0.41,-0.17,-0.02,0.003
2017-06-23,0.24,0.75,-0.48,-0.37,0.08,0.003
2017-06-26,0.04,0.08,0.7,0.22,0.18,0.003
2017-06-27,-0.85,-0.21,1.34,0.34,0.35,0.003
2017-06-28,1.02,0.8,0.22,-0.2,-0.1,0.003
2017-06-29,-0.83,0.05,1.37,-0.23,0.34,0.003
2017-06-30,0.14,-0.1,-0.29,0.21,0.3,0.003
2017-07-03,0.24,0.44,1.21,-0.53,0.71,0.004
2017-07-05,0.12,-0.69,-0.58,0.14,-0.67,0.004
2017-07-06,-0.95,-0.44,0.12,0.21,-0.08,0.004
2017-07-07,0.7,0.4,-0.41,0.18,-0.5,0.004
2017-07-10,0.05,-0.47,-0.07,-0.12,0.0,0.004
2017-07-11,0.0,0.29,-0.55,-0.33,0.18,0.004
2017-07-12,0.72,0.06,-0.52,0.12,-0.21,0.004
2017-07-13,0.17,-0.01,0.39,-0.04,0.18,0.004
2017-07-14,0.42,-0.22,-0.52,0.16,-0.01,0.004
2017-07-17,0.0,0.22,0.1,0.18,0.08,0.004
2017-07-18,0.04,-0.36,-0.3,-0.1,-0.41,0.004
2017-07-19,0.59,0.46,0.03,-0.23,0.2,0.004
2017-07-20,-0.01,0.05,-0.05,0.13,-0.29,0.004
2017-07-21,-0.08,-0.42,-0.24,0.0,-0.33,0.004
2017-07-24,-0.03,0.11,-0.18,-0.24,-0.4,0.004
2017-07-25,0.38,0.44,0.96,-0.19,0.65,0.004
2017-07-26,-0.06,-0.48,-0.76,-0.17,0.08,0.004
2017-07-27,-0.14,-0.68,0.44,0.28,0.35,0.004
2017-07-28,-0.17,-0.06,0.27,-0.22,0.26,0.004
2017-07-31,-0.11,-0.26,0.46,-0.09,0.07,0.004
2017-08-01,0.24,-0.13,0.14,0.27,-0.5,0.004
2017-08-02,-0.08,-1.15,0.15,0.03,-0.37,0.004
2017-08-03,-0.21,-0.35,-0.33,0.27,-0.34,0.004
2017-08-04,0.25,0.37,0.39,-0.03,0.09,0.004
2017-08-07,0.16,-0.1,-0.58,0.23,-0.36,0.004
2017-08-08,-0.24,-0.08,0.24,-0.33,-0.19,0.004
2017-08-09,-0.14,-0.8,-0.07,0.14,0.04,0.004
2017-08-10,-1.49,-0.31,0.27,0.29,0.11,0.004
2017-08-11,0.19,0.17,-0.87,0.36,-0.08,0.004
2017-08-14,1.03,0.32,0.12,-0.04,-0.46,0.004
2017-08-15,-0.11,-0.87,-0.02,-0.17,-0.25,0.004
2017-08-16,0.18,-0.14,-0.44,0.33,-0.14,0.004
2017-08-17,-1.6,-0.18,-0.17,-0.04,0.14,0.004
2017-08-18,-0.15,0.11,0.24,-0.27,-0.01,0.004
2017-08-21,0.06,-0.27,-0.22,0.19,-0.14,0.004
2017-08-22,1.06,-0.02,-0.24,-0.17,0.18,0.004
2017-08-23,-0.33,0.12,0.42,-0.49,0.12,0.004
2017-08-24,-0.14,0.57,0.17,-0.48,0.21,0.004
2017-08-25,0.18,0.16,0.55,0.12,0.24,0.004
2017-08-28,0.08,0.3,-0.74,0.19,-0.12,0.004
2017-08-29,0.1,0.1,-0.38,0.0,0.08,0.004
2017-08-30,0.53,0.0,-0.32,0.1,-0.38,0.004
2017-08-31,0.62,0.38,-0.43,-0.31,0.07,0.004
2017-09-01,0.27,0.43,0.41,-0.08,0.35,0.005
2017-09-05,-0.81,-0.03,-0.98,-0.06,0.49,0.005
2017-09-06,0.28,-0.05,0.12,-0.37,0.16,0.005
2017-09-07,-0.07,0.02,-0.91,0.02,0.13,0.005
2017-09-08,-0.16,0.12,0.38,0.22,-0.11,0.005
2017-09-11,1.08,-0.06,0.64,-0.32,-0.09,0.005
2017-09-12,0.44,0.33,0.72,0.09,0.18,0.005
2017-09-13,0.11,0.27,0.32,-0.33,0.12,0.005
2017-09-14,-0.12,-0.06,-0.06,-0.32,0.24,0.005
2017-09-15,0.19,0.25,0.14,0.29,-0.03,0.005
2017-09-18,0.24,0.4,0.2,-0.48,0.24,0.005
2017-09-19,0.15,-0.2,0.39,0.04,0.05,0.005
2017-09-20,0.16,0.27,0.49,-0.18,0.3,0.005
2017-09-21,-0.28,0.15,0.37,-0.05,-0.06,0.005
2017-09-22,0.12,0.43,0.12,0.39,0.31,0.005
2017-09-25,-0.25,0.35,0.59,-0.21,0.61,0.005
2017-09-26,0.05,0.47,0.17,0.57,-0.17,0.005
2017-09-27,0.63,1.43,0.22,-0.28,-0.48,0.005
2017-09-28,0.13,0.18,-0.04,-0.1,-0.15,0.005
2017-09-29,0.35,-0.14,-0.26,-0.11,-0.32,0.005
2017-10-02,0.5,0.89,0.13,-0.21,0.24,0.004
2017-10-03,0.26,-0.03,-0.05,-0.02,-0.09,0.004
2017-10-04,0.05,-0.34,-0.45,-0.11,0.04,0.004
2017-10-05,0.55,-0.31,0.38,-0.31,-0.18,0.004
2017-10-06,-0.08,-0.08,-0.25,0.16,-0.36,0.004
2017-10-09,-0.22,-0.28,0.0,0.11,-0.21,0.004
2017-10-10,0.24,0.04,0.43,0.11,-0.1,0.004
2017-10-11,0.16,-0.25,-0.19,-0.05,-0.1,0.004
2017-10-12,-0.18,-0.1,-0.52,0.17,0.1,0.004
2017-10-13,0.04,-0.28,0.14,0.19,0.03,0.004
2017-10-16,0.17,-0.28,0.36,0.02,-0.05,0.004
2017-10-17,0.01,-0.35,-0.31,0.42,-0.18,0.004
2017-10-18,0.14,0.35,0.22,0.31,-0.14,0.004
2017-10-19,0.02,-0.35,0.16,0.15,0.08,0.004
2017-10-20,0.57,0.0,0.27,0.09,0.0,0.004
2017-10-23,-0.45,-0.36,0.18,0.26,-0.36,0.004
2017-10-24,0.2,-0.11,0.5,0.01,-0.11,0.004
2017-10-25,-0.51,0.04,0.15,0.24,-0.49,0.004
2017-10-26,0.2,0.07,0.29,0.16,-0.18,0.004
2017-10-27,0.82,-0.07,-0.98,0.1,-1.24,0.004
2017-10-30,-0.46,-0.79,-0.05,-0.56,-0.3,0.004
2017-10-31,0.23,0.77,-0.25,-0.2,0.13,0.004
2017-11-01,0.05,-0.8,0.08,-0.01,-0.05,0.004
2017-11-02,0.06,0.02,0.5,-0.25,0.29,0.004
2017-11-03,0.31,-0.54,-0.72,-0.15,-0.09,0.004
2017-11-06,0.06,0.15,0.19,-0.64,0.19,0.004
2017-11-07,-0.2,-1.42,-0.4,0.46,-0.11,0.004
2017-11-08,0.12,-0.04,-0.59,0.56,-0.1,0.004
2017-11-09,-0.41,-0.01,0.22,0.01,0.05,0.004
2017-11-10,0.01,0.06,-0.43,0.22,0.1,0.004
2017-11-13,0.09,-0.29,0.09,0.03,-0.8,0.004
2017-11-14,-0.22,-0.06,0.01,0.93,-0.5,0.004
2017-11-15,-0.52,0.05,0.23,-0.06,0.16,0.004
2017-11-16,1.01,0.85,-0.54,0.54,-0.04,0.004
2017-11-17,-0.14,0.71,0.28,-0.17,0.45,0.004
2017-11-20,0.21,0.62,0.02,0.26,0.0,0.004
2017-11-21,0.67,0.36,-0.33,0.03,-0.58,0.004
2017-11-22,-0.05,0.08,-0.07,-0.22,0.22,0.004
2017-11-24,0.21,0.0,-0.44,0.05,-0.08,0.004
2017-11-27,-0.06,-0.3,0.01,0.6,-0.16,0.004
2017-11-28,1.06,0.56,0.86,0.29,-0.01,0.004
2017-11-29,0.02,0.34,1.49,0.77,0.49,0.004
2017-11-30,0.82,-0.61,-0.52,-0.2,0.14,0.004
2017-12-01,-0.22,-0.32,0.37,-0.41,0.36,0.004
2017-12-04,-0.1,-0.13,1.23,0.95,0.52,0.004
2017-12-05,-0.43,-0.46,-0.23,0.22,-0.18,0.004
2017-12-06,-0.09,-0.51,-0.53,0.42,-0.52,0.004
2017-12-07,0.42,0.27,-0.2,-0.23,0.12,0.004
2017-12-08,0.51,-0.45,-0.14,-0.07,0.15,0.004
2017-12-11,0.26,-0.43,-0.18,-0.05,0.08,0.004
2017-12-12,0.07,-0.44,0.5,0.04,0.09,0.004
2017-12-13,0.02,0.62,-0.89,0.28,-0.07,0.004
2017-12-14,-0.47,-0.76,-0.22,-0.17,-0.13,0.004
2017-12-15,0.92,0.68,0.04,0.32,-0.48,0.004
2017-12-18,0.67,0.82,0.27,0.21,0.17,0.004
2017-12-19,-0.3,-0.33,-0.24,0.25,0.38,0.004
2017-12-20,0.01,0.37,0.06,-0.16,0.34,0.004
2017-12-21,0.24,0.3,0.63,-0.71,0.32,0.004
2017-12-22,-0.07,-0.2,-0.21,-0.1,0.2,0.004
2017-12-26,-0.07,0.31,-0.07,-0.13,0.58,0.004
2017-12-27,0.05,-0.16,-0.2,0.09,-0.15,0.004
2017-12-28,0.22,0.1,0.05,-0.14,-0.21,0.004
2017-12-29,-0.57,-0.3,0.0,0.16,0.16,0.004
2018-01-02,0.85,0.3,-0.21,-0.49,0.32,0.006
2018-01-03,0.59,-0.47,-0.19,-0.7,-0.06,0.006
2018-01-04,0.42,-0.22,0.25,-0.01,0.31,0.006
2018-01-05,0.66,-0.37,-0.25,0.37,-0.37,0.006
2018-01-08,0.19,-0.19,0.04,-0.07,0.01,0.006
2018-01-09,0.15,-0.39,-0.04,-0.12,0.03,0.006
2018-01-10,-0.07,0.13,0.56,-0.32,0.02,0.006
2018-01-11,0.87,1.12,0.3,-0.21,0.58,0.006
2018-01-12,0.66,-0.33,0.16,-0.1,0.18,0.006
2018-01-16,-0.49,-0.99,0.01,0.44,-0.4,0.006
2018-01-17,0.95,-0.05,-0.1,-0.09,-0.09,0.006
2018-01-18,-0.18,-0.43,-0.25,0.29,-0.38,0.006
2018-01-19,0.57,0.93,-0.05,0.07,0.11,0.006
2018-01-22,0.77,-0.35,-0.16,-0.54,0.22,0.006
2018-01-23,0.22,0.07,-0.36,-0.38,-0.26,0.006
2018-01-24,-0.13,-0.75,0.44,-0.01,0.1,0.006
2018-01-25,0.07,0.11,-0.54,0.19,-0.19,0.006
2018-01-26,1.11,-0.61,-0.51,0.29,-0.16,0.006
2018-01-29,-0.62,-0.02,-0.28,0.16,-0.4,0.006
2018-01-30,-1.06,0.12,-0.21,0.38,-0.42,0.006
2018-01-31,-0.07,-0.67,0.11,0.1,-0.03,0.006
2018-02-01,0.03,0.12,0.53,-0.53,0.0,0.006
2018-02-02,-2.13,0.01,-0.29,0.61,-0.51,0.006
2018-02-05,-4.03,0.65,-0.58,0.17,-0.08,0.006
2018-02-06,1.67,-0.48,-0.18,0.05,-0.02,0.006
2018-02-07,-0.38,0.6,0.2,0.34,0.22,0.006
2018-02-08,-3.68,0.8,0.51,0.4,-0.04,0.006
2018-02-09,1.36,-0.55,0.15,0.17,-0.32,0.006
2018-02-12,1.36,-0.47,-0.3,-0.23,-0.09,0.006
2018-02-13,0.31,0.13,-0.24,0.21,-0.1,0.006
2018-02-14,1.52,0.28,0.48,-0.66,-0.04,0.006
2018-02-15,1.21,-0.17,-0.63,0.2,-0.34,0.006
2018-02-16,0.03,0.37,0.16,0.03,0.05,0.006
2018-02-20,-0.62,-0.35,-0.24,-0.26,-0.14,0.006
2018-02-21,-0.43,0.8,0.23,0.07,-0.19,0.006
2018-02-22,0.01,-0.05,-0.41,0.14,0.48,0.006
2018-02-23,1.54,-0.38,-0.15,-0.17,-0.07,0.006
2018-02-26,1.12,-0.48,-0.07,-0.16,-0.23,0.006
2018-02-27,-1.25,-0.19,0.03,-0.09,-0.06,0.006
2018-02-28,-1.1,-0.44,-0.32,0.21,-0.27,0.006
2018-03-01,-1.19,0.97,-0.02,-0.24,0.06,0.005
2018-03-02,0.7,1.11,-0.49,-0.41,-0.34,0.005
2018-03-05,1.06,-0.41,0.23,-0.59,0.09,0.005
2018-03-06,0.36,0.69,0.12,0.22,-0.02,0.005
2018-03-07,0.05,0.75,-0.44,-0.04,-0.31,0.005
2018-03-08,0.37,-0.58,-0.36,0.01,-0.18,0.005
2018-03-09,1.7,-0.2,0.28,-0.25,0.01,0.005
2018-03-12,-0.09,0.44,-0.08,-0.34,-0.23,0.005
2018-03-13,-0.67,0.1,0.03,0.48,0.0,0.005
2018-03-14,-0.53,0.15,-0.57,-0.11,-0.39,0.005
2018-03-15,-0.18,-0.39,0.31,0.14,-0.12,0.005
2018-03-16,0.25,0.47,0.17,0.06,0.28,0.005
2018-03-19,-1.38,0.41,0.41,0.32,0.1,0.005
2018-03-20,0.15,-0.13,-0.36,-0.02,-0.07,0.005
2018-03-21,-0.06,0.68,0.44,-1.08,0.87,0.005
2018-03-22,-2.54,0.4,-0.49,0.21,0.01,0.005
2018-03-23,-2.09,0.09,-0.23,0.13,0.77,0.005
2018-03-26,2.67,-0.62,0.03,0.0,-0.61,0.005
2018-03-27,-1.87,-0.22,0.37,0.78,0.54,0.005
2018-03-28,-0.35,0.2,0.64,0.75,-0.09,0.005
2018-03-29,1.41,-0.31,-0.22,-0.37,-0.16,0.005
2018-04-02,-2.29,-0.08,0.37,0.16,-0.06,0.007
2018-04-03,1.24,-0.02,0.19,0.25,0.18,0.007
2018-04-04,1.17,0.34,-0.31,0.06,-0.13,0.007
2018-04-05,0.75,0.05,0.47,0.11,0.28,0.007
2018-04-06,-2.19,0.37,-0.06,0.13,-0.05,0.007
2018-04-09,0.3,-0.24,-0.52,-0.75,-0.28,0.007
2018-04-10,1.77,0.33,-0.12,-0.84,0.55,0.007
2018-04-11,-0.49,0.79,-0.31,-0.61,0.3,0.007
2018-04-12,0.84,-0.17,0.18,-0.21,0.08,0.007
2018-04-13,-0.37,-0.11,-0.25,-0.07,0.2,0.007
2018-04-16,0.82,0.15,-0.02,0.8,0.03,0.007
2018-04-17,1.09,0.01,-1.18,-0.24,-0.41,0.007
2018-04-18,0.13,0.2,0.02,-0.28,0.49,0.007
2018-04-19,-0.49,-0.31,1.08,-0.48,0.06,0.007
2018-04-20,-0.81,0.1,0.58,-0.54,0.28,0.007
2018-04-23,-0.05,-0.07,0.19,0.3,0.1,0.007
2018-04-24,-1.3,0.65,1.02,0.05,0.09,0.007
2018-04-25,0.1,-0.28,0.06,0.41,0.12,0.007
2018-04-26,0.96,-0.54,-0.84,-0.53,-0.42,0.007
2018-04-27,0.01,-0.26,0.04,0.61,0.09,0.007
2018-04-30,-0.8,-0.06,-0.09,-0.41,-0.06,0.007
2018-05-01,0.24,0.25,-0.53,-0.05,-0.95,0.006
2018-05-02,-0.63,1.25,-0.36,0.04,0.02,0.006
2018-05-03,-0.25,-0.61,-0.15,0.05,-0.12,0.006
2018-05-04,1.3,-0.02,-0.2,-0.42,0.0,0.006
2018-05-07,0.42,0.38,-0.33,-0.53,-0.22,0.006
2018-05-08,0.07,0.51,0.24,-0.25,0.08,0.006
2018-05-09,0.89,-0.29,0.25,-0.88,0.13,0.006
2018-05-10,0.85,-0.37,-0.04,0.23,-0.33,0.006
2018-05-11,0.19,0.14,-0.38,0.25,0.11,0.006
2018-05-14,0.05,-0.3,0.11,-0.2,0.49,0.006
2018-05-15,-0.55,0.71,0.4,-0.07,0.37,0.006
2018-05-16,0.49,0.69,-0.25,0.36,0.07,0.006
2018-05-17,0.02,0.86,0.29,-0.35,0.43,0.006
2018-05-18,-0.23,0.45,-0.61,0.12,-0.18,0.006
2018-05-21,0.72,-0.18,0.44,0.17,0.11,0.006
2018-05-22,-0.42,-0.65,0.61,-0.33,-0.41,0.006
2018-05-23,0.29,-0.06,-0.7,0.0,-0.33,0.006
2018-05-24,-0.16,0.34,-0.35,0.5,0.11,0.006
2018-05-25,-0.21,0.24,-0.39,0.55,-0.58,0.006
2018-05-29,-1.04,1.11,-1.03,0.19,-0.01,0.006
2018-05-30,1.31,0.04,0.37,-0.71,0.17,0.006
2018-05-31,-0.7,0.05,-0.42,-0.5,-0.11,0.006
2018-06-01,1.06,-0.21,-0.11,-0.06,-0.17,0.006
2018-06-04,0.48,0.18,-0.45,1.03,-0.42,0.006
2018-06-05,0.17,0.78,-0.44,0.22,0.16,0.006
2018-06-06,0.86,-0.28,0.2,-0.02,0.17,0.006
2018-06-07,-0.14,-0.26,0.93,0.17,0.59,0.006
2018-06-08,0.31,0.04,-0.4,0.24,-0.19,0.006
2018-06-11,0.12,0.15,-0.17,0.21,0.24,0.006
2018-06-12,0.23,0.18,-0.63,0.08,-0.14,0.006
2018-06-13,-0.33,0.03,-0.2,-0.54,-0.19,0.006
2018-06-14,0.27,0.2,-1.0,-0.03,-0.61,0.006
2018-06-15,-0.08,0.12,-0.24,0.65,-0.22,0.006
2018-06-18,-0.09,0.74,0.08,-0.41,0.09,0.006
2018-06-19,-0.38,0.54,-0.14,-0.23,-0.46,0.006
2018-06-20,0.23,0.66,-0.51,-0.15,0.1,0.006
2018-06-21,-0.73,-0.55,0.33,0.45,0.0,0.006
2018-06-22,0.11,-0.08,0.46,-0.53,0.92,0.006
2018-06-25,-1.48,-0.45,0.57,0.62,-0.02,0.006
2018-06-26,0.27,0.51,-0.24,-0.48,0.13,0.006
2018-06-27,-1.02,-1.0,0.36,-0.06,0.47,0.006
2018-06-28,0.58,-0.21,-0.51,-0.17,-0.51,0.006
2018-06-29,0.07,-0.24,-0.24,-0.24,-0.01,0.006
2018-07-02,0.36,0.45,-0.25,-0.08,-0.55,0.008
2018-07-03,-0.44,0.76,-0.02,-0.29,0.45,0.008
2018-07-05,0.87,0.39,-0.43,0.34,-0.17,0.008
2018-07-06,0.88,-0.02,-0.3,-0.25,-0.14,0.008
2018-07-09,0.93,-0.29,0.86,0.03,-0.22,0.008
2018-07-10,0.21,-0.82,-0.17,0.1,0.27,0.008
2018-07-11,-0.69,-0.06,-0.45,-0.12,-0.3,0.008
2018-07-12,0.86,-0.44,-1.14,-0.04,-0.47,0.008
2018-07-13,0.08,-0.18,-0.29,0.34,0.19,0.008
2018-07-16,-0.16,-0.61,0.98,-0.2,-0.14,0.008
2018-07-17,0.48,0.17,-0.75,0.12,-0.24,0.008
2018-07-18,0.27,-0.14,0.67,-0.15,-0.17,0.008
2018-07-19,-0.34,0.91,-0.36,0.16,0.04,0.008
2018-07-20,-0.1,-0.17,0.13,0.1,-0.22,0.008
2018-07-23,0.15,-0.2,0.55,-0.22,-0.18,0.008
2018-07-24,0.22,-1.32,0.39,0.49,0.1,0.008
2018-07-25,0.83,-0.59,-1.06,0.08,-0.37,0.008
2018-07-26,-0.2,0.76,0.57,-0.04,0.59,0.008
2018-07-27,-0.82,-1.21,1.07,0.52,0.48,0.008
2018-07-30,-0.7,0.02,1.56,0.32,1.01,0.008
2018-07-31,0.51,0.73,-1.11,0.28,0.25,0.008
2018-08-01,-0.13,-0.02,-0.18,-0.18,-0.8,0.007
2018-08-02,0.67,0.17,-0.67,0.0,-0.59,0.007
2018-08-03,0.31,-0.92,0.52,0.63,0.35,0.007
2018-08-06,0.46,0.22,-0.33,-0.31,-0.21,0.007
2018-08-07,0.29,-0.02,-0.17,-0.31,-0.15,0.007
2018-08-08,-0.04,-0.11,0.26,-0.02,-0.07,0.007
2018-08-09,-0.05,0.34,-0.36,0.03,-0.25,0.007
2018-08-10,-0.6,0.31,-0.21,-0.26,0.21,0.007
2018-08-13,-0.46,-0.21,-0.3,0.3,0.02,0.007
2018-08-14,0.69,0.31,0.21,0.35,0.18,0.007
2018-08-15,-0.91,-0.52,-0.12,0.63,-0.11,0.007
2018-08-16,0.86,-0.04,0.26,-0.08,0.4,0.007
2018-08-17,0.3,0.13,0.02,0.22,0.2,0.007
2018-08-20,0.25,0.15,0.14,0.11,0.13,0.007
2018-08-21,0.33,0.92,0.12,-0.22,-0.23,0.007
2018-08-22,0.05,0.28,-0.35,-0.5,-0.27,0.007
2018-08-23,-0.19,-0.1,-0.33,0.0,-0.18,0.007
2018-08-24,0.62,-0.08,-0.58,-0.3,-0.19,0.007
2018-08-27,0.74,-0.62,-0.16,-0.21,-0.36,0.007
2018-08-28,-0.01,-0.12,-0.28,0.11,-0.05,0.007
2018-08-29,0.56,-0.14,-0.58,-0.15,-0.28,0.007
2018-08-30,-0.41,0.23,-0.42,-0.22,-0.13,0.007
2018-08-31,0.08,0.45,-0.39,0.15,-0.13,0.007
2018-09-04,-0.11,-0.33,0.01,-0.05,-0.15,0.008
2018-09-05,-0.41,-0.04,0.66,0.46,0.59,0.008
2018-09-06,-0.44,-0.36,-0.24,0.43,0.33,0.008
2018-09-07,-0.18,0.07,-0.21,0.03,0.05,0.008
2018-09-10,0.23,0.08,-0.37,0.07,-0.25,0.008
2018-09-11,0.37,-0.34,-0.24,-0.13,-0.39,0.008
2018-09-12,0.03,-0.12,-0.22,0.05,0.54,0.008
2018-09-13,0.45,-0.49,-0.4,0.04,-0.04,0.008
2018-09-14,0.12,0.32,0.25,-0.11,-0.05,0.008
2018-09-17,-0.71,-0.35,0.84,0.32,0.74,0.008
2018-09-18,0.57,0.03,-0.49,-0.24,-0.22,0.008
2018-09-19,0.06,-0.5,1.28,-0.45,-0.01,0.008
2018-09-20,0.77,0.29,-0.22,0.07,-0.09,0.008
2018-09-21,-0.13,-0.42,0.3,0.26,0.65,0.008
2018-09-24,-0.31,-0.05,-0.91,-0.48,-0.29,0.008
2018-09-25,-0.05,0.2,-0.38,-0.34,-0.07,0.008
2018-09-26,-0.4,-0.48,-0.63,0.48,0.11,0.008
2018-09-27,0.27,-0.34,-0.55,0.11,-0.33,0.008
2018-09-28,-0.03,0.34,-0.2,0.11,0.19,0.008
2018-10-01,0.16,-1.62,0.34,-0.12,0.04,0.008
2018-10-02,-0.21,-0.94,0.6,0.13,0.36,0.008
2018-10-03,0.2,0.89,0.5,-0.36,-0.21,0.008
2018-10-04,-0.93,-0.8,1.58,0.13,0.77,0.008
2018-10-05,-0.64,-0.41,0.39,-0.38,0.42,0.008
2018-10-08,-0.17,-0.24,1.22,0.52,0.64,0.008
2018-10-09,-0.18,-0.41,0.28,-0.51,0.21,0.008
2018-10-10,-3.33,0.41,1.12,0.21,0.79,0.008
2018-10-11,-1.96,0.37,-0.91,0.43,-0.55,0.008
2018-10-12,1.38,-1.11,-1.74,0.07,-0.43,0.008
2018-10-15,-0.48,1.0,0.51,0.37,0.49,0.008
2018-10-16,2.24,0.56,-1.43,-0.24,-0.69,0.008
2018-10-17,-0.08,-0.61,0.26,-0.25,0.17,0.008
2018-10-18,-1.54,-0.52,0.43,-0.34,0.37,0.008
2018-10-19,-0.25,-1.27,0.72,0.45,0.56,0.008
2018-10-22,-0.38,0.36,-1.25,1.1,-0.17,0.008
2018-10-23,-0.62,-0.18,-0.42,0.1,-0.1,0.008
2018-10-24,-3.33,-0.83,0.78,0.31,1.25,0.008
2018-10-25,1.93,0.31,-0.59,-0.19,-1.08,0.008
2018-10-26,-1.65,0.59,0.35,-0.35,0.5,0.008
2018-10-29,-0.77,-0.1,1.61,-0.01,0.97,0.008
2018-10-30,1.66,0.45,0.07,0.37,0.32,0.008
2018-10-31,1.22,-0.7,-0.72,-0.4,-0.95,0.008
2018-11-01,1.29,1.22,-1.14,-0.24,-0.49,0.008
2018-11-02,-0.53,0.85,0.67,-0.47,0.22,0.008
2018-11-05,0.4,-0.88,1.56,-0.49,0.76,0.008
2018-11-06,0.58,-0.15,0.03,0.3,0.2,0.008
2018-11-07,2.11,-0.51,-1.06,-0.39,-0.81,0.008
2018-11-08,-0.28,-0.17,0.25,0.39,0.33,0.008
2018-11-09,-1.04,-0.85,0.42,0.63,0.66,0.008
2018-11-12,-2.06,0.1,0.85,0.53,0.88,0.008
2018-11-13,-0.13,-0.05,0.16,0.22,-0.3,0.008
2018-11-14,-0.77,0.03,-0.28,0.59,0.1,0.008
2018-11-15,1.18,0.31,-0.41,-0.82,-0.7,0.008
2018-11-16,0.15,-0.01,-0.06,-0.78,0.18,0.008
2018-11-19,-1.88,-0.39,2.3,0.2,1.23,0.008
2018-11-20,-1.85,0.03,-0.54,-0.37,-0.31,0.008
2018-11-21,0.51,0.95,-0.34,-0.34,0.01,0.008
2018-11-23,-0.55,0.76,-0.6,0.29,-0.06,0.008
2018-11-26,1.62,-0.69,-0.2,-0.41,-0.72,0.008
2018-11-27,0.11,-1.06,0.26,0.6,0.13,0.008
2018-11-28,2.42,0.31,-1.17,0.07,-0.93,0.008
2018-11-29,-0.22,-0.2,-0.1,-0.49,0.04,0.008
2018-11-30,0.78,-0.38,-0.43,0.24,-0.27,0.008
2018-12-03,1.13,-0.1,-0.81,-0.24,-0.55,0.011
2018-12-04,-3.45,-1.03,-0.19,-0.14,0.95,0.011
2018-12-06,-0.16,-0.06,-1.05,0.15,-0.32,0.011
2018-12-07,-2.36,0.27,1.33,-0.47,0.63,0.011
2018-12-10,0.1,-0.36,-1.62,0.28,-0.31,0.011
2018-12-11,-0.08,-0.15,-0.42,0.17,-0.07,0.011
2018-12-12,0.68,0.5,-0.19,-0.23,-0.09,0.011
2018-12-13,-0.26,-1.55,-0.19,0.2,0.04,0.011
2018-12-14,-1.89,0.09,0.51,-0.21,0.62,0.011
2018-12-17,-2.14,-0.12,1.08,0.26,0.18,0.011
2018-12-18,-0.03,-0.04,-0.61,0.91,-0.47,0.011
2018-12-19,-1.58,-0.6,0.03,-0.38,0.42,0.011
2018-12-20,-1.62,-0.12,0.97,0.61,-0.08,0.011
2018-12-21,-2.17,-0.53,0.77,0.12,0.65,0.011
2018-12-24,-2.55,0.92,-0.49,-0.34,-0.34,0.011
2018-12-26,5.06,-0.19,-1.01,-0.21,-1.08,0.011
2018-12-27,0.78,-0.71,-0.13,-0.14,0.11,0.011
2018-12-28,-0.03,0.75,0.26,-0.37,-0.06,0.011
2018-12-31,0.9,-0.14,-0.45,-0.09,-0.12,0.011
2019-01-02,0.23,0.74,1.12,-0.12,0.27,0.01
2019-01-03,-2.45,0.49,1.2,-0.23,0.9,0.01
2019-01-04,3.55,0.36,-0.7,-0.11,-0.59,0.01
2019-01-07,0.94,0.87,-0.75,-0.72,-0.45,0.01
2019-01-08,1.01,0.44,-0.63,0.32,-0.09,0.01
2019-01-09,0.56,0.5,0.1,0.08,-0.19,0.01
2019-01-10,0.42,0.0,-0.46,-0.06,-0.04,0.01
2019-01-11,-0.01,0.2,0.22,0.23,0.25,0.01
2019-01-14,-0.6,-0.45,0.94,0.24,0.0,0.01
2019-01-15,1.06,-0.14,-0.88,-0.3,-0.57,0.01
2019-01-16,0.28,0.25,0.92,-0.11,-0.23,0.01
2019-01-17,0.75,0.09,-0.24,0.06,0.0,0.01
2019-01-18,1.29,-0.29,0.12,0.2,-0.27,0.01
2019-01-22,-1.53,-0.35,0.33,0.26,0.34,0.01
2019-01-23,0.15,-0.41,-0.14,0.35,0.29,0.01
2019-01-24,0.23,0.48,0.0,-0.15,-0.19,0.01
2019-01-25,0.9,0.42,-0.35,-0.35,-0.57,0.01
2019-01-28,-0.8,-0.07,0.63,0.28,0.16,0.01
2019-01-29,-0.19,0.03,0.17,0.04,0.46,0.01
2019-01-30,1.51,-0.35,-0.94,-0.24,-0.88,0.01
2019-01-31,0.92,-0.06,-1.08,-0.37,-0.01,0.01
2019-02-01,0.14,-0.16,0.43,-0.74,0.3,0.01
2019-02-04,0.72,0.41,-0.46,0.19,-0.21,0.01
2019-02-05,0.43,-0.12,-0.6,0.61,-0.33,0.01
2019-02-06,-0.22,-0.03,0.07,-0.11,0.09,0.01
2019-02-07,-0.93,-0.14,0.4,0.54,0.28,0.01
2019-02-08,0.09,-0.08,-0.68,-0.34,-0.12,0.01
2019-02-11,0.14,0.67,0.22,-0.09,-0.02,0.01
2019-02-12,1.36,0.03,-0.17,-0.12,-0.28,0.01
2019-02-13,0.28,0.06,0.07,0.11,0.22,0.01
2019-02-14,-0.21,0.52,-0.58,0.41,-0.18,0.01
2019-02-15,1.13,0.38,0.47,-0.21,0.01,0.01
2019-02-19,0.19,0.32,0.3,0.02,0.22,0.01
2019-02-20,0.19,0.29,0.55,0.01,-0.27,0.01
2019-02-21,-0.37,-0.04,-0.22,0.57,0.13,0.01
2019-02-22,0.65,0.38,-1.47,0.29,-0.61,0.01
2019-02-25,0.15,-0.28,-0.18,-0.86,-0.51,0.01
2019-02-26,-0.16,-0.68,-0.33,0.09,-0.15,0.01
2019-02-27,0.09,0.15,-0.12,-0.68,-0.07,0.01
2019-02-28,-0.31,-0.02,-0.24,0.28,0.16,0.01
2019-03-01,0.72,0.25,-0.41,-0.36,-0.17,0.009
2019-03-04,-0.52,-0.39,0.39,0.15,-0.08,0.009
2019-03-05,-0.17,-0.32,-0.23,0.28,0.0,0.009
2019-03-06,-0.84,-1.23,0.05,0.56,0.13,0.009
2019-03-07,-0.82,-0.05,-0.33,-0.38,0.13,0.009
2019-03-08,-0.22,0.06,-0.15,-0.11,-0.28,0.009
2019-03-11,1.49,0.27,-0.52,-0.28,-0.47,0.009
2019-03-12,0.25,-0.31,-0.08,-0.43,0.02,0.009
2019-03-13,0.68,-0.32,0.07,-0.17,0.19,0.009
2019-03-14,-0.1,-0.38,0.31,-0.15,-0.11,0.009
2019-03-15,0.48,-0.24,-0.24,-0.04,-0.19,0.009
2019-03-18,0.46,0.23,0.44,-0.08,-0.07,0.009
2019-03-19,-0.09,-0.47,-0.91,0.01,-0.05,0.009
2019-03-20,-0.39,-0.22,-1.04,-0.21,-0.24,0.009
2019-03-21,1.11,0.17,-1.23,0.32,-0.34,0.009
2019-03-22,-2.17,-1.57,-0.06,0.55,0.6,0.009
2019-03-25,-0.05,0.6,-0.27,0.2,0.04,0.009
2019-03-26,0.76,0.23,0.46,0.05,0.19,0.009
2019-03-27,-0.5,0.17,0.49,0.76,0.1,0.009
2019-03-28,0.4,0.35,0.02,-0.13,-0.08,0.009
2019-03-29,0.66,-0.28,-0.92,0.21,-0.17,0.009
2019-04-01,1.19,-0.19,0.99,-0.06,-0.31,0.01
2019-04-02,-0.05,-0.18,-0.44,-0.38,-0.5,0.01
2019-04-03,0.27,0.23,-0.39,0.14,-0.4,0.01
2019-04-04,0.19,0.35,0.92,0.64,0.22,0.01
2019-04-05,0.52,0.49,-0.08,-0.28,0.1,0.01
2019-04-08,0.08,-0.31,0.1,0.27,-0.03,0.01
2019-04-09,-0.65,-0.6,-0.14,0.12,-0.04,0.01
2019-04-10,0.48,0.95,-0.1,0.09,-0.11,0.01
2019-04-11,0.0,-0.27,0.41,0.04,0.11,0.01
2019-04-12,0.65,-0.36,0.64,0.53,-0.25,0.01
2019-04-15,-0.09,-0.26,-0.54,0.36,0.08,0.01
2019-04-16,0.13,0.24,0.7,-0.08,-0.13,0.01
2019-04-17,-0.32,-0.53,0.83,1.13,-0.27,0.01
2019-04-18,0.11,-0.28,-0.51,0.15,-0.21,0.01
2019-04-22,0.11,-0.48,-0.55,-0.52,-0.16,0.01
2019-04-23,0.97,0.66,-0.49,-0.11,-0.43,0.01
2019-04-24,-0.23,0.31,-0.08,0.61,0.03,0.01
2019-04-25,-0.14,-0.79,-0.19,-0.64,-0.24,0.01
2019-04-26,0.53,0.47,0.07,-0.08,-0.19,0.01
2019-04-29,0.18,0.15,0.64,-0.38,-0.15,0.01
2019-04-30,-0.04,-0.68,0.28,0.11,0.7,0.01
2019-05-01,-0.83,-0.07,-0.02,0.34,-0.06,0.009
2019-05-02,-0.16,0.46,-0.27,0.0,0.05,0.009
2019-05-03,1.13,0.93,-0.27,-0.01,-0.34,0.009
2019-05-06,-0.39,0.58,-0.42,0.02,0.06,0.009
2019-05-07,-1.69,-0.27,0.51,0.02,0.31,0.009
2019-05-08,-0.22,-0.2,-0.32,-0.02,0.18,0.009
2019-05-09,-0.28,0.06,0.12,-0.35,0.0,0.009
2019-05-10,0.35,-0.33,0.08,-0.11,0.26,0.009
2019-05-13,-2.67,-0.67,0.29,0.22,0.82,0.009
2019-05-14,0.93,0.34,-0.02,-0.55,0.01,0.009
2019-05-15,0.58,-0.1,-0.96,0.13,-0.29,0.009
2019-05-16,0.91,-0.45,-0.32,-0.14,-0.23,0.009
2019-05-17,-0.73,-0.76,0.3,0.06,0.31,0.009
2019-05-20,-0.65,-0.11,0.72,0.06,0.42,0.009
2019-05-21,0.9,0.44,-0.35,-0.13,-0.18,0.009
2019-05-22,-0.4,-0.65,-0.59,-0.15,0.2,0.009
2019-05-23,-1.37,-0.72,-0.27,0.3,0.27,0.009
2019-05-24,0.23,0.51,0.31,-0.5,-0.03,0.009
2019-05-28,-0.78,0.21,-0.63,0.01,-0.26,0.009
2019-05-29,-0.71,-0.24,0.42,-0.19,0.01,0.009
2019-05-30,0.14,-0.38,-0.77,0.26,-0.04,0.009
2019-05-31,-1.37,-0.23,-0.09,0.02,0.4,0.009
2019-06-03,-0.4,0.58,1.65,0.28,1.39,0.009
2019-06-04,2.33,0.49,-0.02,0.29,-0.47,0.009
2019-06-05,0.7,-1.06,-0.97,0.06,-0.2,0.009
2019-06-06,0.55,-1.08,0.01,0.06,-0.07,0.009
2019-06-07,1.04,-0.14,-1.2,0.35,-0.65,0.009
2019-06-10,0.53,0.01,0.08,0.39,-0.36,0.009
2019-06-11,-0.12,-0.2,0.55,0.47,0.18,0.009
2019-06-12,-0.2,0.29,-0.98,0.06,0.1,0.009
2019-06-13,0.52,0.68,-0.04,-0.12,-0.06,0.009
2019-06-14,-0.27,-0.74,0.31,0.25,0.14,0.009
2019-06-17,0.15,0.48,-1.12,-0.66,-0.42,0.009
2019-06-18,1.04,0.19,0.33,-0.25,-0.19,0.009
2019-06-19,0.32,0.02,-0.59,-0.2,0.17,0.009
2019-06-20,0.89,-0.4,-0.23,-0.14,-0.11,0.009
2019-06-21,-0.21,-0.46,-0.03,-0.11,0.02,0.009
2019-06-24,-0.34,-0.9,0.09,0.64,-0.02,0.009
2019-06-25,-0.98,0.41,0.71,-0.1,0.56,0.009
2019-06-26,-0.06,0.02,0.25,0.37,-0.39,0.009
2019-06-27,0.6,1.43,-0.09,-0.34,-0.22,0.009
2019-06-28,0.68,0.77,0.61,-0.46,0.11,0.009
2019-07-01,0.75,-0.59,-0.13,-0.13,0.05,0.009
2019-07-02,0.14,-0.96,-0.81,-0.02,-0.02,0.009
2019-07-03,0.78,-0.13,-0.33,-0.35,-0.05,0.009
2019-07-05,-0.1,0.34,0.91,0.13,-0.05,0.009
2019-07-08,-0.58,-0.43,0.05,0.04,-0.26,0.009
2019-07-09,0.18,-0.23,-0.43,-0.65,-0.19,0.009
2019-07-10,0.4,-0.25,-0.36,0.11,-0.02,0.009
2019-07-11,0.19,-0.77,0.04,-0.24,-0.56,0.009
2019-07-12,0.53,0.32,0.41,0.59,-0.09,0.009
2019-07-15,-0.04,-0.47,-1.07,0.13,0.24,0.009
2019-07-16,-0.32,0.41,0.1,0.44,-0.02,0.009
2019-07-17,-0.64,-0.26,-0.65,-0.48,-0.23,0.009
2019-07-18,0.35,-0.27,0.02,-0.36,0.35,0.009
2019-07-19,-0.56,0.3,0.86,0.37,0.09,0.009
2019-07-22,0.25,-0.55,-0.49,-0.19,-0.01,0.009
2019-07-23,0.65,-0.06,0.81,0.66,0.34,0.009
2019-07-24,0.66,0.92,0.85,-0.07,-0.09,0.009
2019-07-25,-0.63,-0.68,-0.12,0.16,0.05,0.009
2019-07-26,0.82,0.33,-0.19,-0.61,-0.25,0.009
2019-07-29,-0.32,-0.35,-0.46,0.3,0.38,0.009
2019-07-30,-0.17,1.42,0.89,-0.17,0.1,0.009
2019-07-31,-1.09,0.26,0.61,0.2,0.53,0.009
2019-08-01,-1.04,-0.76,-1.89,-0.55,-0.3,0.007
2019-08-02,-0.87,-0.26,0.07,0.14,0.19,0.007
2019-08-05,-3.07,0.05,0.0,-0.08,0.27,0.007
2019-08-06,1.29,-0.55,-0.59,-0.27,-0.25,0.007
2019-08-07,0.07,-0.1,-0.91,0.18,-0.18,0.007
2019-08-08,1.97,-0.03,-0.23,0.29,-0.3,0.007
2019-08-09,-0.78,-0.5,-0.23,-0.48,-0.02,0.007
2019-08-12,-1.32,0.21,-0.27,0.13,0.24,0.007
2019-08-13,1.47,-0.35,-0.54,0.35,-0.04,0.007
2019-08-14,-2.95,0.03,-0.51,-0.38,0.01,0.007
2019-08-15,0.16,-0.69,-0.52,-0.07,-0.47,0.007
2019-08-16,1.55,0.64,0.6,0.14,-0.05,0.007
2019-08-19,1.14,0.03,0.22,0.37,-0.01,0.007
2019-08-20,-0.75,0.18,-0.5,0.11,-0.18,0.007
2019-08-21,0.85,-0.03,-0.3,-0.03,-0.01,0.007
2019-08-22,-0.1,-0.35,0.49,0.22,0.26,0.007
2019-08-23,-2.66,-0.6,-0.17,-0.64,-0.24,0.007
2019-08-26,1.08,-0.04,-0.18,0.19,-0.15,0.007
2019-08-27,-0.46,-1.0,-0.67,0.25,0.07,0.007
2019-08-28,0.68,0.62,0.62,0.35,0.21,0.007
2019-08-29,1.35,0.4,0.34,0.17,-0.18,0.007
2019-08-30,0.03,-0.25,0.24,0.1,0.13,0.007
2019-09-03,-0.86,-0.93,0.1,-0.2,0.45,0.009
2019-09-04,1.08,-0.15,0.43,0.25,-0.06,0.009
2019-09-05,1.42,0.55,0.7,0.43,0.0,0.009
2019-09-06,-0.02,-0.36,0.04,0.16,0.42,0.009
2019-09-09,0.07,1.35,3.06,0.88,0.43,0.009
2019-09-10,0.17,1.41,1.12,-0.03,0.59,0.009
2019-09-11,0.88,1.37,-0.04,-0.23,0.34,0.009
2019-09-12,0.22,-0.39,-0.13,-0.22,-0.18,0.009
2019-09-13,-0.01,0.18,0.74,-0.02,-0.11,0.009
2019-09-16,-0.23,0.88,0.53,-0.32,0.05,0.009
2019-09-17,0.17,-0.79,-1.19,-0.19,-0.35,0.009
2019-09-18,-0.05,-0.78,0.06,-0.12,0.04,0.009
2019-09-19,-0.05,-0.48,-0.46,0.04,-0.21,0.009
2019-09-20,-0.48,0.3,0.15,-0.59,0.08,0.009
2019-09-23,-0.02,-0.11,0.51,0.27,0.27,0.009
2019-09-24,-1.01,-0.75,0.0,0.17,0.45,0.009
2019-09-25,0.69,0.42,0.52,0.42,0.01,0.009
2019-09-26,-0.41,-0.98,0.12,0.35,0.29,0.009
2019-09-27,-0.62,-0.17,0.88,0.24,0.56,0.009
2019-09-30,0.5,-0.26,-0.48,0.62,-0.02,0.009
2019-10-01,-1.31,-0.65,-0.58,0.1,-0.19,0.007
2019-10-02,-1.73,0.77,-0.36,-0.47,-0.26,0.007
2019-10-03,0.8,-0.38,-0.89,-0.19,-0.18,0.007
2019-10-04,1.39,-0.51,-0.07,-0.02,0.04,0.007
2019-10-07,-0.41,0.14,-0.02,-0.06,-0.26,0.007
2019-10-08,-1.61,-0.15,-0.12,0.42,0.02,0.007
2019-10-09,0.92,-0.58,-0.09,0.13,-0.16,0.007
2019-10-10,0.59,-0.26,0.26,0.12,-0.09,0.007
2019-10-11,1.23,0.6,0.19,0.49,0.3,0.007
2019-10-14,-0.18,-0.35,-0.04,-0.17,-0.08,0.007
2019-10-15,1.03,0.25,-0.25,-0.22,-0.68,0.007
2019-10-16,-0.24,0.48,0.23,0.38,0.26,0.007
2019-10-17,0.37,0.79,-0.28,0.11,-0.04,0.007
2019-10-18,-0.49,-0.14,0.87,-0.08,0.38,0.007
2019-10-21,0.71,0.3,0.34,0.02,0.02,0.007
2019-10-22,-0.34,0.49,0.86,0.42,0.33,0.007
2019-10-23,0.25,-0.11,0.26,-0.01,0.08,0.007
2019-10-24,0.25,-0.5,-0.89,-0.06,-0.66,0.007
2019-10-25,0.51,0.39,0.08,0.34,-0.04,0.007
2019-10-28,0.62,0.28,-0.25,0.01,-0.04,0.007
2019-10-29,-0.13,0.4,0.5,-0.05,0.1,0.007
2019-10-30,0.27,-0.63,-1.17,-0.47,-0.02,0.007
2019-10-31,-0.38,-0.34,-0.43,-0.28,0.19,0.007
2019-11-01,1.08,0.65,0.83,-0.17,0.13,0.006
2019-11-04,0.4,0.32,1.36,0.62,0.12,0.006
2019-11-05,-0.03,0.38,0.44,0.0,-0.01,0.006
2019-11-06,-0.05,-0.81,0.23,-0.17,0.31,0.006
2019-11-07,0.38,-0.01,0.51,0.09,-0.21,0.006
2019-11-08,0.31,-0.01,-0.36,-0.12,0.06,0.006
2019-11-11,-0.19,-0.07,-0.19,-0.07,-0.08,0.006
2019-11-12,0.16,-0.18,-0.15,-0.17,-0.22,0.006
2019-11-13,0.01,-0.41,-0.82,-0.29,-0.03,0.006
2019-11-14,0.07,-0.15,-0.25,0.13,-0.35,0.006
2019-11-15,0.74,-0.29,-0.33,-0.01,0.05,0.006
2019-11-18,0.02,-0.36,-0.51,-0.04,-0.32,0.006
2019-11-19,0.02,0.35,-0.95,-0.87,-0.22,0.006
2019-11-20,-0.33,-0.14,-0.45,-0.56,-0.29,0.006
2019-11-21,-0.14,-0.31,0.11,0.08,-0.1,0.006
2019-11-22,0.24,0.16,0.22,0.18,0.05,0.006
2019-11-25,0.92,1.27,-0.38,0.11,0.02,0.006
2019-11-26,0.19,-0.09,-0.9,0.2,-0.25,0.006
2019-11-27,0.44,0.22,-0.02,0.04,-0.02,0.006
2019-11-29,-0.42,-0.11,-0.31,-0.47,0.0,0.006
2019-12-02,-0.87,-0.13,0.48,0.09,0.2,0.007
2019-12-03,-0.66,0.42,-0.83,-0.51,-0.55,0.007
2019-12-04,0.6,0.22,0.25,0.16,0.09,0.007
2019-12-05,0.13,-0.14,0.46,0.26,0.35,0.007
2019-12-06,0.91,0.38,0.37,0.33,0.22,0.007
2019-12-09,-0.33,0.31,0.12,-0.13,-0.22,0.007
2019-12-10,-0.08,0.28,-0.09,-0.2,0.04,0.007
2019-12-11,0.28,-0.1,0.13,0.33,0.16,0.007
2019-12-12,0.9,0.12,1.14,0.13,0.2,0.007
2019-12-13,-0.03,-0.45,-0.54,-0.28,-0.24,0.007
2019-12-16,0.74,-0.04,-0.04,-0.4,0.2,0.007
2019-12-17,0.1,0.48,0.67,0.12,-0.03,0.007
2019-12-18,-0.05,0.29,0.08,0.28,0.0,0.007
2019-12-19,0.43,-0.14,-0.42,-0.25,-0.04,0.007
2019-12-20,0.48,-0.27,-0.31,0.0,-0.06,0.007
2019-12-23,0.1,0.17,-0.34,-0.13,0.33,0.007
2019-12-24,0.01,0.37,-0.01,-0.28,0.04,0.007
2019-12-26,0.48,-0.56,0.0,0.25,-0.18,0.007
2019-12-27,-0.1,-0.55,-0.07,0.25,0.11,0.007
2019-12-30,-0.57,0.28,0.56,0.11,0.38,0.007
2019-12-31,0.28,0.01,0.11,-0.12,0.25,0.007
2020-01-02,0.86,-0.97,-0.33,0.24,-0.22,0.006
2020-01-03,-0.67,0.3,0.01,-0.14,-0.1,0.006
2020-01-06,0.36,-0.21,-0.55,-0.17,-0.26,0.006
2020-01-07,-0.19,-0.03,-0.25,-0.13,-0.25,0.006
2020-01-08,0.47,-0.17,-0.64,-0.2,-0.17,0.006
2020-01-09,0.65,-0.71,-0.49,-0.14,0.04,0.006
2020-01-10,-0.34,-0.27,-0.33,0.04,-0.08,0.006
2020-01-13,0.73,-0.1,-0.08,0.34,0.27,0.006
2020-01-14,-0.06,0.47,-0.18,-0.33,-0.06,0.006
2020-01-15,0.16,0.27,-0.81,-0.08,-0.18,0.006
2020-01-16,0.88,0.52,-0.11,0.03,-0.1,0.006
2020-01-17,0.28,-0.63,-0.13,0.23,0.0,0.006
2020-01-21,-0.32,-0.67,-0.61,-0.11,-0.25,0.006
2020-01-22,0.08,-0.24,0.01,-0.27,0.01,0.006
2020-01-23,0.08,-0.06,-0.13,0.28,-0.07,0.006
2020-01-24,-0.97,-0.5,-0.28,0.16,-0.03,0.006
2020-01-27,-1.56,0.26,-0.41,-0.53,0.03,0.006
2020-01-28,1.02,-0.13,-0.42,0.17,-0.05,0.006
2020-01-29,-0.1,-0.42,-0.97,0.25,0.08,0.006
2020-01-30,0.34,-0.64,0.68,-0.45,-0.24,0.006
2020-01-31,-1.74,-0.5,-0.35,-0.44,-0.66,0.006
2020-02-03,0.84,0.36,-0.68,-0.68,-0.42,0.006
2020-02-04,1.57,-0.14,-0.68,0.38,-0.17,0.006
2020-02-05,0.97,0.74,1.46,0.96,0.67,0.006
2020-02-06,0.27,-0.59,-0.83,-0.04,-0.4,0.006
2020-02-07,-0.55,-0.84,-0.03,-0.23,-0.57,0.006
2020-02-10,0.73,-0.17,-0.88,-0.12,-0.51,0.006
2020-02-11,0.28,0.34,1.04,0.24,0.33,0.006
2020-02-12,0.66,0.15,-0.35,0.21,0.06,0.006
2020-02-13,-0.09,0.16,0.0,-0.11,-0.4,0.006
2020-02-14,0.15,-0.56,-0.66,-0.23,-0.31,0.006
2020-02-18,-0.19,-0.01,-0.64,-0.42,-0.68,0.006
2020-02-19,0.6,0.19,0.03,0.18,-0.24,0.006
2020-02-20,-0.35,0.63,0.66,0.17,-0.05,0.006
2020-02-21,-1.12,-0.07,0.02,-0.23,0.38,0.006
2020-02-24,-3.39,0.15,0.01,-0.35,0.22,0.006
2020-02-25,-3.09,-0.35,-0.68,-0.62,-0.05,0.006
2020-02-26,-0.52,-0.74,-1.2,-0.47,-0.18,0.006
2020-02-27,-4.22,0.71,0.05,-0.41,0.0,0.006
2020-02-28,-0.78,0.09,-0.8,0.25,-0.51,0.006
2020-03-02,4.31,-1.91,-0.43,-0.52,0.42,0.006
2020-03-03,-2.79,0.68,-0.63,-0.44,0.33,0.006
2020-03-04,4.03,-1.23,-1.17,0.07,0.28,0.006
2020-03-05,-3.38,-0.14,-1.4,-0.88,0.05,0.006
2020-03-06,-1.78,-0.21,-1.49,0.69,0.35,0.006
2020-03-09,-7.78,-1.33,-4.75,0.08,0.47,0.006
2020-03-10,4.74,-2.39,0.79,0.52,0.07,0.006
2020-03-11,-5.05,-1.05,-0.81,0.03,0.1,0.006
2020-03-12,-9.63,-1.08,-1.18,-0.33,-0.14,0.006
2020-03-13,8.96,-2.05,2.98,1.22,0.37,0.006
2020-03-16,-12.0,-0.83,-0.76,0.49,1.38,0.006
2020-03-17,5.87,0.44,-0.69,-0.51,-0.2,0.006
2020-03-18,-5.56,-4.56,-4.71,0.13,0.06,0.006
2020-03-19,1.31,5.73,0.87,-1.39,-1.7,0.006
2020-03-20,-4.15,0.22,-0.89,-0.98,-1.13,0.006
2020-03-23,-2.55,1.7,-3.3,0.3,-1.05,0.006
2020-03-24,9.34,-0.28,2.39,0.47,0.16,0.006
2020-03-25,1.18,-0.18,1.93,-0.07,0.23,0.006
2020-03-26,6.02,-0.51,1.09,-0.62,-0.02,0.006
2020-03-27,-3.48,-1.1,-0.76,-1.11,0.78,0.006
2020-03-30,3.16,-0.78,-2.11,-0.26,-0.13,0.006
2020-03-31,-1.44,1.52,-0.39,0.41,-0.05,0.006
2020-04-01,-4.51,-2.0,-1.42,0.23,0.23,0.0
2020-04-02,2.1,-0.97,-0.28,-0.27,0.8,0.0
2020-04-03,-1.64,-1.36,-1.15,-0.23,0.35,0.0
2020-04-06,7.06,1.17,0.3,1.31,-0.79,0.0
2020-04-07,-0.11,0.12,2.1,0.9,-0.34,0.0
2020-04-08,3.4,0.85,1.29,0.45,-0.09,0.0
2020-04-09,1.59,2.44,3.17,-0.87,-0.07,0.0
2020-04-13,-0.92,-1.45,-2.4,-0.49,0.04,0.0
2020-04-14,3.02,-0.72,-3.13,0.25,-0.33,0.0
2020-04-15,-2.15,-1.95,-2.54,-0.4,-0.22,0.0
2020-04-16,0.62,-0.8,-2.97,-0.29,-0.3,0.0
2020-04-17,2.72,1.51,2.77,-0.15,-0.02,0.0
2020-04-20,-1.56,0.38,-0.91,-1.75,-0.38,0.0
2020-04-21,-3.08,0.93,0.16,0.26,0.41,0.0
2020-04-22,2.31,-0.88,-1.65,0.1,0.04,0.0
2020-04-23,0.13,1.25,0.55,0.51,-0.24,0.0
2020-04-24,1.44,0.24,-0.12,-0.18,0.15,0.0
2020-04-27,1.73,2.15,2.7,-0.13,0.14,0.0
2020-04-28,-0.45,1.72,2.84,1.35,0.74,0.0
2020-04-29,2.92,2.31,2.0,1.24,-0.87,0.0
2020-04-30,-1.18,-2.05,-1.68,0.64,-0.04,0.0
2020-05-01,-2.91,-0.9,-0.97,-0.36,0.36,0.0
2020-05-04,0.53,-0.13,-1.29,-0.75,-0.44,0.0
2020-05-05,0.95,-0.29,-2.01,-0.49,-0.52,0.0
2020-05-06,-0.52,0.1,-2.7,0.21,-0.57,0.0
2020-05-07,1.33,0.15,0.39,-0.1,-0.61,0.0
2020-05-08,1.9,1.89,2.45,0.84,0.42,0.0
2020-05-11,0.07,-0.22,-3.78,-0.85,-0.04,0.0
2020-05-12,-2.06,-1.12,-1.35,-0.64,-0.02,0.0
2020-05-13,-1.89,-1.43,-2.09,-0.08,-0.27,0.0
2020-05-14,1.14,-1.08,0.92,0.61,0.17,0.0
2020-05-15,0.57,1.34,-1.16,0.01,-0.77,0.0
2020-05-18,3.24,2.65,4.61,1.67,0.31,0.0
2020-05-19,-1.01,-0.75,-1.49,0.51,-0.59,0.0
2020-05-20,1.8,1.22,1.31,-0.25,-0.26,0.0
2020-05-21,-0.7,0.75,0.41,0.15,0.03,0.0
2020-05-22,0.27,0.25,-0.86,-0.55,-0.34,0.0
2020-05-26,1.23,1.24,4.56,1.04,0.58,0.0
2020-05-27,1.54,1.42,3.61,0.77,0.36,0.0
2020-05-28,-0.41,-2.08,-2.43,-0.25,0.09,0.0
2020-05-29,0.6,-0.79,-1.97,-0.32,-0.38,0.0
2020-06-01,0.52,0.26,0.43,-0.01,-0.14,0.0
2020-06-02,0.81,0.06,0.54,0.14,0.26,0.0
2020-06-03,1.42,0.77,2.63,0.74,0.16,0.0
2020-06-04,-0.34,0.51,2.89,0.99,0.63,0.0
2020-06-05,2.5,1.08,2.76,0.72,0.04,0.0
2020-06-08,1.39,0.68,2.09,-0.47,0.56,0.0
2020-06-09,-0.85,-0.79,-1.93,-0.04,-0.46,0.0
2020-06-10,-0.56,-1.8,-4.1,-0.32,-0.5,0.0
2020-06-11,-5.91,-1.47,-3.04,-0.21,-0.22,0.0
2020-06-12,1.29,0.8,1.83,0.15,0.09,0.0
2020-06-15,1.09,1.44,-0.39,-0.77,-0.23,0.0
2020-06-16,1.87,0.61,0.49,0.64,0.12,0.0
2020-06-17,-0.4,-1.32,-1.98,-0.55,-0.23,0.0
2020-06-18,0.19,0.01,-0.53,-0.4,-0.26,0.0
2020-06-19,-0.45,-0.13,-0.65,-0.73,-0.19,0.0
2020-06-22,0.71,0.47,-1.36,-0.38,-0.51,0.0
2020-06-23,0.42,0.22,-0.6,0.58,-0.09,0.0
2020-06-24,-2.61,-0.7,-1.36,-0.08,0.27,0.0
2020-06-25,1.12,0.34,0.51,-0.81,0.15,0.0
2020-06-26,-2.44,-0.2,-1.4,0.0,0.63,0.0
2020-06-29,1.51,1.48,1.84,1.48,0.36,0.0
2020-06-30,1.58,0.0,0.01,-0.39,-0.31,0.0
2020-07-01,0.41,-1.71,-2.58,-0.42,-1.22,0.001
2020-07-02,0.5,0.01,-0.13,0.41,0.15,0.001
2020-07-06,1.65,-0.67,0.34,0.26,0.02,0.001
2020-07-07,-1.03,-0.97,-1.5,-1.12,-0.07,0.001
2020-07-08,0.91,0.07,-0.47,-0.43,-0.26,0.001
2020-07-09,-0.53,-1.57,-2.6,-0.33,-0.55,0.001
2020-07-10,1.11,0.67,3.07,0.87,0.18,0.001
2020-07-13,-1.2,-0.28,2.04,1.09,1.09,0.001
2020-07-14,1.35,0.38,-0.29,-0.03,0.51,0.001
2020-07-15,1.14,2.7,1.25,0.19,0.08,0.001
2020-07-16,-0.37,-0.15,0.8,0.27,0.33,0.001
2020-07-17,0.3,-0.15,-1.42,-1.11,0.03,0.001
2020-07-20,1.01,-1.11,-2.37,-0.85,-1.2,0.001
2020-07-21,0.15,1.46,3.27,0.54,0.87,0.001
2020-07-22,0.49,-0.64,-0.37,0.49,0.0,0.001
2020-07-23,-1.2,1.22,1.97,-0.18,0.1,0.001
2020-07-24,-0.75,-0.81,0.44,0.28,0.03,0.001
2020-07-27,0.88,0.28,-1.99,-0.24,0.1,0.001
2020-07-28,-0.81,-0.45,1.0,0.29,0.06,0.001
2020-07-29,1.35,0.62,0.89,0.23,0.15,0.001
2020-07-30,-0.29,0.01,-1.84,-0.53,-0.14,0.001
2020-07-31,0.61,-1.84,-0.66,0.78,0.71,0.001
2020-08-03,0.98,1.08,-0.84,-0.25,0.4,0.0
2020-08-04,0.37,0.44,0.04,0.1,0.1,0.0
2020-08-05,0.78,1.24,0.83,0.17,-0.11,0.0
2020-08-06,0.53,-0.58,-0.83,0.6,0.06,0.0
2020-08-07,0.02,1.58,2.4,0.54,0.14,0.0
2020-08-10,0.24,1.33,1.73,0.83,1.28,0.0
2020-08-11,-0.83,0.19,1.64,0.92,0.03,0.0
2020-08-12,1.4,-0.85,-1.34,0.92,-0.16,0.0
2020-08-13,-0.01,-0.14,-1.33,-0.63,-0.5,0.0
2020-08-14,-0.04,0.06,1.08,0.44,0.2,0.0
2020-08-17,0.45,0.04,-1.93,-0.81,-0.46,0.0
2020-08-18,0.22,-1.32,-1.42,0.02,-0.54,0.0
2020-08-19,-0.38,0.48,0.1,-0.03,-0.11,0.0
2020-08-20,0.31,-0.96,-1.54,0.08,-0.45,0.0
2020-08-21,0.26,-1.25,-0.43,0.6,0.72,0.0
2020-08-24,0.92,0.2,2.6,1.14,0.58,0.0
2020-08-25,0.36,-0.01,-0.65,-0.47,-0.69,0.0
2020-08-26,1.0,-1.73,-1.74,-0.13,-0.85,0.0
2020-08-27,0.18,-0.01,0.95,0.59,-0.53,0.0
2020-08-28,0.7,0.37,-0.23,0.13,-0.08,0.0
2020-08-31,-0.04,-0.93,-1.76,-0.71,-0.11,0.0
2020-09-01,0.92,0.19,-0.3,0.6,0.13,0.0
2020-09-02,1.27,-0.26,-0.45,0.76,-0.4,0.0
2020-09-03,-3.7,0.44,2.6,-0.09,-0.15,0.0
2020-09-04,-0.87,0.35,2.06,0.8,0.87,0.0
2020-09-08,-2.91,0.92,-0.28,-0.72,-0.61,0.0
2020-09-09,2.07,-0.61,-2.0,-0.17,-0.2,0.0
2020-09-10,-1.64,0.38,-0.07,-0.39,-0.36,0.0
2020-09-11,-0.06,-0.62,0.89,0.23,0.47,0.0
2020-09-14,1.59,1.03,-0.8,-0.82,0.0,0.0
2020-09-15,0.57,-0.63,-1.43,0.12,-0.35,0.0
2020-09-16,-0.39,1.22,1.31,-0.94,0.27,0.0
2020-09-17,-0.85,0.47,0.2,0.07,0.64,0.0
2020-09-18,-0.88,0.78,-0.21,-1.12,-0.47,0.0
2020-09-21,-1.08,-2.69,-1.88,-0.49,-0.28,0.0
2020-09-22,1.02,-0.47,-1.63,0.58,-0.5,0.0
2020-09-23,-2.48,-0.65,0.16,0.2,-0.18,0.0
2020-09-24,0.25,-0.19,0.38,0.52,0.11,0.0
2020-09-25,1.72,-0.16,-1.34,-0.51,-0.63,0.0
2020-09-28,1.66,0.88,1.05,0.4,0.18,0.0
2020-09-29,-0.42,0.41,-1.33,-0.79,-0.59,0.0
2020-09-30,0.79,-0.69,0.15,0.34,0.12,0.0
2020-10-01,0.79,0.79,-0.54,-0.02,-0.58,0.0
2020-10-02,-0.96,1.68,2.44,0.57,0.34,0.0
2020-10-05,1.93,0.88,-0.11,-0.47,0.12,0.0
2020-10-06,-1.28,0.84,0.26,-0.51,-0.05,0.0
2020-10-07,1.84,0.49,0.22,-0.28,0.13,0.0
2020-10-08,0.8,0.28,0.99,0.22,0.25,0.0
2020-10-09,0.93,-0.33,-1.41,-0.18,-0.29,0.0
2020-10-12,1.53,-1.01,-0.09,0.79,0.34,0.0
2020-10-13,-0.41,-0.18,-1.72,-0.88,-0.98,0.0
2020-10-14,-0.65,0.0,0.03,0.36,0.67,0.0
2020-10-15,-0.08,1.17,1.14,0.17,0.19,0.0
2020-10-16,-0.06,-0.13,0.06,-0.04,-0.12,0.0
2020-10-19,-1.53,0.35,0.3,-0.34,-0.24,0.0
2020-10-20,0.34,-0.09,1.26,0.54,0.16,0.0
2020-10-21,-0.36,-0.47,0.41,0.53,-0.01,0.0
2020-10-22,0.67,0.95,1.03,-0.58,-0.09,0.0
2020-10-23,0.38,0.38,0.04,-0.15,-0.35,0.0
2020-10-26,-1.85,-0.48,-0.39,-0.14,-0.02,0.0
2020-10-27,-0.23,-0.62,-2.33,-0.41,-0.73,0.0
2020-10-28,-3.41,0.18,0.58,-0.46,0.0,0.0
2020-10-29,1.13,0.16,0.27,0.32,0.6,0.0
2020-10-30,-1.45,-0.24,1.86,0.25,-0.08,0.0
2020-11-02,1.17,0.87,0.99,0.42,0.39,0.0
2020-11-03,1.93,1.0,-0.2,-0.18,0.02,0.0
2020-11-04,2.25,-2.56,-5.0,-0.72,-1.71,0.0
2020-11-05,2.13,1.04,0.52,0.36,0.55,0.0
2020-11-06,0.01,-1.09,-0.93,-0.23,-0.11,0.0
2020-11-09,0.86,2.82,6.74,0.79,0.83,0.0
2020-11-10,-0.17,2.09,2.16,0.32,1.28,0.0
2020-11-11,0.88,-1.09,-1.75,-0.64,-0.18,0.0
2020-11-12,-0.94,-0.56,-1.18,-0.67,-0.23,0.0
2020-11-13,1.31,0.93,1.14,0.59,0.43,0.0
2020-11-16,1.22,1.25,2.0,0.71,0.86,0.0
2020-11-17,-0.19,0.6,0.0,-0.42,-0.42,0.0
2020-11-18,-0.93,-0.05,0.02,0.07,-0.4,0.0
2020-11-19,0.59,0.28,-0.76,-0.66,-0.19,0.0
2020-11-20,-0.51,0.6,-0.61,-0.74,-0.1,0.0
2020-11-23,0.83,1.4,1.57,0.34,0.05,0.0
2020-11-24,1.56,0.51,2.76,0.53,0.52,0.0
2020-11-25,0.03,-0.27,-1.33,-0.39,-0.53,0.0
2020-11-27,0.43,0.15,-1.62,-0.77,-0.31,0.0
2020-11-30,-0.53,-1.55,-2.07,-0.5,0.48,0.0
2020-12-01,0.98,-0.08,0.54,1.06,0.49,0.0
2020-12-02,0.11,0.21,1.07,0.38,0.6,0.0
2020-12-03,0.18,0.55,-0.09,-0.29,0.19,0.0
2020-12-04,1.02,1.59,0.84,-0.32,0.59,0.0
2020-12-07,0.03,-0.06,-1.02,-0.56,-0.49,0.0
2020-12-08,0.47,0.89,-0.71,-0.71,0.0,0.0
2020-12-09,-1.03,0.31,1.28,0.85,0.28,0.0
2020-12-10,0.24,0.93,-0.47,-1.52,-0.27,0.0
2020-12-11,-0.2,-0.58,-0.71,-0.57,-0.55,0.0
2020-12-14,-0.28,0.22,-1.52,-0.4,-0.8,0.0
2020-12-15,1.28,1.14,0.36,0.44,0.55,0.0
2020-12-16,0.17,-0.58,-0.38,0.03,-0.2,0.0
2020-12-17,0.79,0.5,-0.71,-0.59,-0.21,0.0
2020-12-18,-0.12,-0.19,-1.17,-0.4,-0.75,0.0
2020-12-21,-0.23,0.23,-0.05,-1.02,0.32,0.0
2020-12-22,0.06,0.84,-1.61,-0.84,-0.07,0.0
2020-12-23,0.1,0.87,2.03,0.29,0.41,0.0
2020-12-24,0.21,-0.44,-0.19,0.25,-0.08,0.0
2020-12-28,0.46,-0.68,0.36,1.39,0.46,0.0
2020-12-29,-0.4,-1.42,0.24,0.78,-0.29,0.0
2020-12-30,0.27,1.06,0.03,-0.65,-0.05,0.0
2020-12-31,0.39,-0.71,0.41,0.56,-0.24,0.0
2021-01-04,-1.41,0.16,0.58,-0.64,0.1,0.0
2021-01-05,0.86,1.31,0.48,0.36,0.55,0.0
2021-01-06,0.79,3.15,3.93,0.06,0.53,0.0
2021-01-07,1.76,0.02,-0.83,-1.5,-0.2,0.0
2021-01-08,0.51,-1.01,-1.38,-0.43,-0.37,0.0
2021-01-11,-0.51,0.54,1.26,-0.17,0.45,0.0
2021-01-12,0.38,1.48,1.21,-0.45,0.42,0.0
2021-01-13,0.07,-1.02,-0.45,-0.22,-0.05,0.0
2021-01-14,-0.11,2.37,1.11,-1.01,0.43,0.0
2021-01-15,-0.86,-0.73,-0.76,0.27,-0.47,0.0
2021-01-19,0.92,0.75,-0.8,-0.69,0.09,0.0
2021-01-20,1.26,-0.75,-1.08,0.63,-0.38,0.0
2021-01-21,-0.04,-0.77,-0.94,0.84,0.38,0.0
2021-01-22,-0.07,1.64,-0.12,-0.67,0.63,0.0
2021-01-25,0.29,-0.28,-0.41,0.23,0.98,0.0
2021-01-26,-0.32,-0.02,0.01,1.01,1.06,0.0
2021-01-27,-2.53,1.19,1.55,0.59,2.46,0.0
2021-01-28,0.92,-1.69,-0.91,-1.06,-2.26,0.0
2021-01-29,-1.84,0.41,0.58,-0.75,0.38,0.0
2021-02-01,1.73,0.74,-1.47,-0.23,-1.22,0.0
2021-02-02,1.48,-0.79,-1.08,-1.02,-2.14,0.0
2021-02-03,0.15,0.68,0.7,-0.12,0.16,0.0
2021-02-04,1.23,0.6,0.37,-0.09,-0.22,0.0
2021-02-05,0.58,0.94,-0.47,-0.73,0.41,0.0
2021-02-08,0.96,2.25,0.39,-0.94,0.73,0.0
2021-02-09,0.05,0.7,-0.17,-0.73,-0.49,0.0
2021-02-10,-0.08,-0.44,0.64,0.19,-0.03,0.0
2021-02-11,0.19,-0.35,-0.43,-0.3,-0.08,0.0
2021-02-12,0.49,-0.13,0.49,-0.37,-0.05,0.0
2021-02-16,-0.14,-0.24,1.88,0.15,0.0,0.0
2021-02-17,-0.21,-0.68,0.61,0.29,-0.14,0.0
2021-02-18,-0.63,-1.47,-0.19,0.91,-0.45,0.0
2021-02-19,0.16,2.04,0.71,-0.44,0.55,0.0
2021-02-22,-1.13,0.72,3.16,1.7,0.86,0.0
2021-02-23,-0.15,-1.03,0.9,1.16,-0.21,0.0
2021-02-24,1.15,1.49,1.41,-0.31,0.33,0.0
2021-02-25,-2.74,-0.92,0.92,0.99,0.42,0.0
2021-02-26,-0.28,0.34,-1.57,-0.05,-0.37,0.0
2021-03-01,2.63,1.11,0.23,-0.41,0.23,0.0
2021-03-02,-1.05,-0.77,1.24,0.62,0.2,0.0
2021-03-03,-1.57,0.64,3.57,1.67,1.05,0.0
2021-03-04,-1.7,-1.11,1.71,1.29,0.44,0.0
2021-03-05,1.85,0.36,0.62,0.97,0.51,0.0
2021-03-08,-0.67,1.47,3.7,1.63,0.88,0.0
2021-03-09,1.79,0.45,-3.24,-1.87,-0.46,0.0
2021-03-10,0.68,1.19,1.82,-0.07,0.14,0.0
2021-03-11,1.44,1.08,-2.02,-1.42,-0.8,0.0
2021-03-12,0.1,0.52,1.3,0.64,0.59,0.0
2021-03-15,0.7,-0.33,-1.29,0.21,0.08,0.0
2021-03-16,-0.43,-1.36,-0.83,0.31,-0.02,0.0
2021-03-17,0.33,0.65,0.33,-0.05,0.15,0.0
2021-03-18,-1.88,-1.21,2.18,0.96,0.45,0.0
2021-03-19,0.25,0.93,-0.99,-0.8,-0.54,0.0
2021-03-22,0.55,-1.7,-2.21,-0.25,-0.09,0.0
2021-03-23,-1.17,-2.95,-1.04,0.58,-0.79,0.0
2021-03-24,-1.01,-1.58,1.47,1.39,0.11,0.0
2021-03-25,0.67,2.01,1.39,0.46,1.12,0.0
2021-03-26,1.55,0.19,0.69,0.79,0.57,0.0
2021-03-29,-0.49,-2.49,-0.23,0.91,-0.01,0.0
2021-03-30,-0.02,1.83,1.0,-0.25,-0.2,0.0
2021-03-31,0.63,0.59,-2.33,-1.2,-0.25,0.0
2021-04-01,1.27,0.21,0.0,-0.68,-0.51,0.0
2021-04-05,1.27,-0.7,-0.71,1.0,0.09,0.0
2021-04-06,0.01,-0.32,0.1,-0.11,-0.28,0.0
2021-04-07,-0.12,-1.54,0.32,0.7,-0.11,0.0
2021-04-08,0.62,0.26,-1.16,-0.55,-0.38,0.0
2021-04-09,0.65,-0.62,0.14,0.8,0.13,0.0
2021-04-12,-0.05,-0.47,0.58,0.74,-0.34,0.0
2021-04-13,0.41,-0.77,-1.61,-1.09,-0.37,0.0
2021-04-14,-0.35,1.17,1.41,0.02,0.68,0.0
2021-04-15,1.04,-0.79,-1.19,0.1,-0.53,0.0
2021-04-16,0.27,-0.19,0.65,0.84,0.17,0.0
2021-04-19,-0.73,-0.66,0.79,0.72,0.41,0.0
2021-04-20,-0.94,-1.37,-1.56,0.38,-0.48,0.0
2021-04-21,1.11,1.53,0.1,-0.46,0.1,0.0
2021-04-22,-0.77,0.64,-0.76,-0.19,-0.21,0.0
2021-04-23,1.26,0.76,0.7,-0.34,0.05,0.0
2021-04-26,0.43,0.8,-0.5,-1.22,-0.05,0.0
2021-04-27,-0.03,0.08,0.84,0.53,0.05,0.0
2021-04-28,-0.06,0.29,0.19,-0.31,-0.33,0.0
2021-04-29,0.39,-0.77,1.09,1.35,-0.24,0.0
2021-04-30,-0.83,-0.51,-0.33,0.14,-0.43,0.0
2021-05-03,0.17,0.72,1.7,1.1,1.07,0.0
2021-05-04,-0.89,-0.25,2.0,1.1,0.58,0.0
2021-05-05,-0.06,-0.16,1.34,0.66,0.62,0.0
2021-05-06,0.48,-0.54,1.2,1.24,0.59,0.0
2021-05-07,0.84,0.45,-0.09,-0.24,0.14,0.0
2021-05-10,-1.36,-1.29,1.7,1.17,0.73,0.0
2021-05-11,-0.63,0.7,-0.89,-0.83,-0.07,0.0
2021-05-12,-2.34,-1.15,0.71,-0.27,0.13,0.0
2021-05-13,1.02,0.47,1.14,1.4,0.36,0.0
2021-05-14,1.81,0.96,-0.15,-0.25,-0.01,0.0
2021-05-17,-0.24,0.73,0.83,0.01,0.56,0.0
2021-05-18,-0.69,0.06,-0.94,-1.03,-0.43,0.0
2021-05-19,-0.34,-0.52,-0.46,-0.18,-0.32,0.0
2021-05-20,1.15,-0.49,-1.42,-0.85,-0.48,0.0
2021-05-21,-0.04,0.46,0.98,-0.11,-0.07,0.0
2021-05-24,0.99,-0.48,-0.69,0.25,-0.29,0.0
2021-05-25,-0.3,-0.85,-1.23,0.21,-0.16,0.0
2021-05-26,0.47,1.78,0.56,-0.54,0.14,0.0
2021-05-27,0.28,1.08,0.94,-0.26,0.28,0.0
2021-05-28,0.04,-0.37,-0.3,-0.19,-0.42,0.0
2021-06-01,0.03,1.4,1.45,0.3,0.39,0.0
2021-06-02,0.12,-0.21,0.31,-0.08,0.69,0.0
2021-06-03,-0.53,-0.24,0.72,0.41,0.32,0.0
2021-06-04,0.89,-0.6,-0.89,-0.13,-0.21,0.0
2021-06-07,0.15,1.28,-0.96,-1.01,-0.19,0.0
2021-06-08,0.19,1.08,-0.31,0.06,-0.06,0.0
2021-06-09,-0.3,-0.45,-0.84,0.15,0.17,0.0
2021-06-10,0.4,-1.33,-2.04,-0.56,-1.06,0.0
2021-06-11,0.37,0.71,0.18,0.04,-0.02,0.0
2021-06-14,0.15,-0.75,-1.61,-0.59,-0.48,0.0
2021-06-15,-0.3,0.21,1.3,0.69,0.11,0.0
2021-06-16,-0.45,0.43,0.2,-0.34,-0.25,0.0
2021-06-17,0.01,-1.34,-3.57,-0.69,-1.09,0.0
2021-06-18,-1.22,-0.8,-1.44,-0.44,-0.7,0.0
2021-06-21,1.34,0.83,1.06,0.41,0.32,0.0
2021-06-22,0.58,-0.1,-0.43,0.19,0.21,0.0
2021-06-23,0.01,0.51,-0.29,-0.48,-0.22,0.0
2021-06-24,0.69,0.74,0.23,-0.38,0.26,0.0
2021-06-25,0.31,-0.5,0.43,-0.13,0.06,0.0
2021-06-28,0.22,-0.85,-1.6,-0.51,-0.13,0.0
2021-06-29,0.0,-0.4,-0.29,0.31,0.4,0.0
2021-06-30,0.07,0.12,0.76,0.72,0.62,0.0
2021-07-01,0.43,0.4,0.42,0.01,0.44,0.0
2021-07-02,0.56,-1.52,-0.71,0.66,-0.16,0.0
2021-07-06,-0.28,-1.04,-1.98,0.56,-0.7,0.0
2021-07-07,0.09,-0.86,0.08,1.7,0.33,0.0
2021-07-08,-0.86,0.0,-0.77,-0.22,-0.02,0.0
2021-07-09,1.25,0.85,1.57,-0.18,0.35,0.0
2021-07-12,0.23,-0.01,0.56,0.29,-0.28,0.0
2021-07-13,-0.56,-1.23,-0.41,0.72,0.11,0.0
2021-07-14,-0.26,-1.17,0.35,1.93,0.59,0.0
2021-07-15,-0.38,-0.26,0.78,0.34,-0.06,0.0
2021-07-16,-0.77,-0.4,-1.25,0.12,-0.82,0.0
2021-07-19,-1.41,0.03,-1.74,-0.42,-1.13,0.0
2021-07-20,1.69,0.85,0.16,-0.57,0.4,0.0
2021-07-21,0.95,0.73,0.79,-0.98,0.05,0.0
2021-07-22,0.09,-1.56,-1.01,0.5,-0.4,0.0
2021-07-23,0.98,-0.34,-0.46,0.49,-0.33,0.0
2021-07-26,0.18,0.1,1.33,0.28,0.88,0.0
2021-07-27,-0.66,-0.47,0.6,0.45,0.13,0.0
2021-07-28,0.27,1.21,-0.65,-1.56,-0.7,0.0
2021-07-29,0.41,0.22,0.94,0.82,0.52,0.0
2021-07-30,-0.65,-0.08,-0.17,0.56,0.4,0.0
2021-08-02,-0.12,-0.12,-0.41,-0.06,-0.32,0.0
2021-08-03,0.73,-0.41,0.92,0.64,0.2,0.0
2021-08-04,-0.39,-0.95,-1.57,-0.37,-1.1,0.0
2021-08-05,0.74,1.07,-0.11,-1.32,-0.42,0.0
2021-08-06,0.09,0.46,1.9,0.58,0.36,0.0
2021-08-09,0.01,-0.45,-0.27,-0.63,-0.55,0.0
2021-08-10,0.06,0.38,1.82,0.71,0.92,0.0
2021-08-11,0.19,0.31,1.41,0.89,0.51,0.0
2021-08-12,0.24,-0.7,-0.4,0.06,0.1,0.0
2021-08-13,0.0,-0.95,-0.25,0.7,-0.01,0.0
2021-08-16,-0.05,-0.86,0.05,1.66,0.16,0.0
2021-08-17,-0.8,-0.5,-0.11,-0.29,0.1,0.0
2021-08-18,-0.95,0.12,-0.19,-0.31,-0.68,0.0
2021-08-19,-0.15,-0.96,-0.81,1.39,-0.46,0.0
2021-08-20,0.92,0.86,-0.48,-0.37,-0.28,0.0
2021-08-23,1.08,0.76,-0.85,-1.84,-0.07,0.0
2021-08-24,0.41,0.41,0.36,-0.72,0.06,0.0
2021-08-25,0.26,0.06,0.36,-0.43,-0.02,0.0
2021-08-26,-0.65,-0.44,-0.31,-0.05,-0.15,0.0
2021-08-27,1.07,1.64,0.3,-0.71,0.14,0.0
2021-08-30,0.35,-0.69,-1.37,0.67,0.14,0.0
2021-08-31,-0.13,0.46,-0.05,-0.45,-0.22,0.0
2021-09-01,0.11,0.4,-0.94,-0.43,-0.37,0.0
2021-09-02,0.36,0.2,-0.04,-0.43,0.58,0.0
2021-09-03,-0.01,-0.55,-0.25,0.04,-0.27,0.0
2021-09-07,-0.36,-0.36,-0.09,-0.6,0.17,0.0
2021-09-08,-0.34,-0.74,0.08,0.76,0.18,0.0
2021-09-09,-0.27,0.26,0.09,-0.8,-0.31,0.0
2021-09-10,-0.76,-0.03,0.02,0.22,-0.49,0.0
2021-09-13,0.14,0.23,1.34,0.22,0.98,0.0
2021-09-14,-0.66,-0.68,-0.96,0.43,-0.46,0.0
2021-09-15,0.88,0.13,0.63,-0.25,0.47,0.0
2021-09-16,-0.03,-0.09,-0.55,-0.4,-0.55,0.0
2021-09-17,-0.72,0.98,-0.06,-0.64,-0.43,0.0
2021-09-20,-1.87,-0.58,0.23,0.76,0.28,0.0
2021-09-21,0.05,0.26,-0.67,-0.44,-0.32,0.0
2021-09-22,1.0,0.15,0.53,-0.52,0.49,0.0
2021-09-23,1.28,0.46,0.92,-1.01,0.2,0.0
2021-09-24,0.08,-0.39,0.7,0.58,0.26,0.0
2021-09-27,-0.1,1.71,2.43,-0.26,0.73,0.0
2021-09-28,-2.18,0.0,1.76,0.85,1.07,0.0
2021-09-29,0.03,-0.19,0.81,1.16,0.34,0.0
2021-09-30,-1.02,0.08,-0.78,-1.23,-0.36,0.0
2021-10-01,1.1,0.47,0.5,-0.1,0.61,0.0
2021-10-04,-1.43,0.4,2.33,0.71,1.08,0.0
2021-10-05,1.05,-0.57,-0.07,-0.07,-0.3,0.0
2021-10-06,0.33,-0.99,-0.48,0.34,-0.67,0.0
2021-10-07,1.01,0.45,-0.17,-0.08,0.06,0.0
2021-10-08,-0.28,-0.45,1.12,0.1,0.62,0.0
2021-10-11,-0.72,0.23,-0.28,-0.03,0.3,0.0
2021-10-12,-0.06,0.56,-0.44,-0.89,-0.25,0.0
2021-10-13,0.43,-0.08,-1.06,-0.48,-0.78,0.0
2021-10-14,1.65,-0.38,-0.27,-0.01,-0.14,0.0
2021-10-15,0.63,-1.13,0.3,0.37,-0.06,0.0
2021-10-18,0.41,-0.41,-0.01,0.56,-0.05,0.0
2021-10-19,0.71,-0.47,-0.22,-0.16,0.08,0.0
2021-10-20,0.34,0.23,1.18,0.29,0.52,0.0
2021-10-21,0.37,0.03,-0.95,0.32,-0.62,0.0
2021-10-22,-0.25,0.01,1.01,0.44,0.52,0.0
2021-10-25,0.58,0.37,-0.15,-0.42,-0.36,0.0
2021-10-26,0.04,-0.78,-0.31,-0.36,-0.14,0.0
2021-10-27,-0.76,-0.95,-1.18,0.85,-0.6,0.0
2021-10-28,1.14,0.81,-0.49,-0.34,-0.17,0.0
2021-10-29,0.22,0.13,-0.83,0.55,-0.79,0.0
2021-11-01,0.51,2.05,0.44,-1.12,0.02,0.0
2021-11-02,0.24,-0.33,-0.54,0.42,0.13,0.0
2021-11-03,0.8,1.44,-0.13,0.21,-0.38,0.0
2021-11-04,0.39,-0.28,-1.37,0.65,-0.73,0.0
2021-11-05,0.38,0.78,1.2,0.01,1.29,0.0
2021-11-08,0.18,0.02,0.06,-0.5,-0.09,0.0
2021-11-09,-0.35,-0.14,0.45,0.58,0.3,0.0
2021-11-10,-1.07,-0.31,0.93,1.37,-0.08,0.0
2021-11-11,0.24,0.63,0.33,0.14,0.09,0.0
2021-11-12,0.74,-0.46,-0.91,0.39,-0.31,0.0
2021-11-15,-0.02,-0.47,0.7,0.57,0.47,0.0
2021-11-16,0.5,-0.17,-0.71,0.18,-0.65,0.0
2021-11-17,-0.47,-0.63,-0.25,0.81,0.16,0.0
2021-11-18,0.06,-0.74,-0.07,1.26,-0.07,0.0
2021-11-19,-0.2,-0.4,-1.28,1.04,-0.58,0.0
2021-11-22,-0.61,0.05,2.76,1.25,1.62,0.0
2021-11-23,-0.04,-0.2,1.74,0.24,1.14,0.0
2021-11-24,0.3,-0.13,-0.87,-0.53,-0.22,0.0
2021-11-26,-2.22,-1.28,-0.92,0.25,-0.61,0.0
2021-11-29,1.11,-1.3,-0.78,0.38,-0.33,0.0
2021-11-30,-1.95,0.16,-1.13,-0.11,0.43,0.0
2021-12-01,-1.61,-0.48,1.11,2.3,0.76,0.0
2021-12-02,1.51,1.0,1.26,-0.65,0.04,0.0
2021-12-03,-1.21,-0.87,1.07,1.79,1.03,0.0
2021-12-06,1.19,0.84,0.62,0.09,0.62,0.0
2021-12-07,2.22,-0.16,-1.79,-1.47,-0.45,0.0
2021-12-08,0.47,0.34,-0.83,-0.97,0.2,0.0
2021-12-09,-1.07,-1.06,1.57,1.42,0.98,0.0
2021-12-10,0.7,-0.87,0.5,1.38,0.77,0.0
2021-12-13,-1.04,-0.28,-0.99,0.3,-0.32,0.0
2021-12-14,-0.76,-0.35,1.64,0.41,0.17,0.0
2021-12-15,1.62,0.02,-1.91,0.04,-0.35,0.0
2021-12-16,-1.2,-0.85,2.78,0.64,0.65,0.0
2021-12-17,-0.65,1.47,-2.32,-1.72,-0.37,0.0
2021-12-20,-1.27,-0.21,-0.41,0.03,0.15,0.0
2021-12-21,2.06,0.67,0.19,-1.08,-0.2,0.0
2021-12-22,0.97,0.18,-0.36,0.35,0.08,0.0
2021-12-23,0.71,0.29,-0.48,-0.37,-0.39,0.0
2021-12-27,1.22,-0.13,0.3,0.97,0.48,0.0
2021-12-28,-0.27,-0.41,0.81,0.85,0.21,0.0
2021-12-29,0.06,-0.02,0.17,0.69,0.02,0.0
2021-12-30,-0.15,0.07,-0.4,-0.83,-0.43,0.0
2021-12-31,-0.31,0.17,0.53,0.36,0.41,0.0
2022-01-03,0.73,0.43,0.77,-1.16,0.57,0.0
2022-01-04,-0.29,-0.07,3.63,0.63,1.48,0.0
2022-01-05,-2.28,-0.94,2.6,1.4,1.23,0.0
2022-01-06,0.0,0.38,1.75,-0.56,-0.01,0.0
2022-01-07,-0.48,-0.95,2.01,-0.13,0.84,0.0
2022-01-10,-0.15,-0.3,-0.28,-0.04,-0.4,0.0
2022-01-11,1.1,-0.2,-0.3,-1.25,0.37,0.0
2022-01-12,0.12,-0.85,0.5,0.75,0.27,0.0
2022-01-13,-1.57,0.86,2.41,1.16,1.02,0.0
2022-01-14,0.08,0.05,0.54,-0.85,0.47,0.0
2022-01-18,-2.08,-0.91,1.37,0.8,0.97,0.0
2022-01-19,-1.01,-0.36,-0.67,0.24,0.08,0.0
2022-01-20,-1.14,-0.84,-0.23,-0.3,0.13,0.0
2022-01-21,-2.1,0.38,0.49,1.03,0.48,0.0
2022-01-24,0.53,1.74,-0.25,-0.07,-0.67,0.0
2022-01-25,-1.43,-0.18,2.79,-0.79,1.61,0.0
2022-01-26,-0.3,-1.06,0.1,0.43,-0.06,0.0
2022-01-27,-0.79,-1.46,0.78,1.05,0.97,0.0
2022-01-28,2.45,-0.62,-2.07,0.17,0.23,0.0
2022-01-31,2.34,0.71,-2.86,-1.82,-1.61,0.0
2022-02-01,0.87,0.13,0.65,-1.07,0.38,0.0
2022-02-02,0.48,-1.58,0.72,1.48,0.51,0.0
2022-02-03,-2.49,0.45,2.18,0.42,1.33,0.0
2022-02-04,0.89,-0.28,-0.6,-1.7,-1.12,0.0
2022-02-07,-0.25,0.66,0.23,-0.7,-0.02,0.0
2022-02-08,1.02,0.73,-0.28,0.92,-0.45,0.0
2022-02-09,1.61,0.03,-1.96,-1.11,-0.24,0.0
2022-02-10,-1.69,0.03,1.23,-0.55,0.32,0.0
2022-02-11,-1.92,0.91,2.13,-0.18,1.44,0.0
2022-02-14,-0.35,0.07,-0.59,0.68,-0.2,0.0
2022-02-15,1.87,1.04,-1.43,-0.69,-0.84,0.0
2022-02-16,-0.02,0.05,0.31,0.6,0.44,0.0
2022-02-17,-2.28,-0.05,1.1,0.88,1.45,0.0
2022-02-18,-0.87,0.1,0.93,1.05,0.41,0.0
2022-02-22,-1.18,-0.36,0.11,-0.05,0.15,0.0
2022-02-23,-1.96,0.06,1.25,0.01,1.03,0.0
2022-02-24,1.89,0.71,-3.86,-1.79,-1.73,0.0
2022-02-25,2.23,-0.12,1.2,0.37,-0.22,0.0
2022-02-28,0.05,0.4,-0.5,-0.8,0.28,0.0
2022-03-01,-1.56,-0.28,-0.8,-0.4,0.56,0.0
2022-03-02,1.81,0.6,1.34,0.52,0.41,0.0
2022-03-03,-0.88,-0.22,1.52,1.24,1.23,0.0
2022-03-04,-1.1,-0.5,0.68,0.39,1.22,0.0
2022-03-07,-3.12,0.72,0.89,-0.68,1.33,0.0
2022-03-08,-0.52,0.98,0.32,-1.14,-0.26,0.0
2022-03-09,2.8,0.0,-2.1,-0.42,-1.54,0.0
2022-03-10,-0.47,0.31,1.16,-0.33,0.35,0.0
2022-03-11,-1.49,-0.13,1.79,0.98,0.6,0.0
2022-03-14,-1.06,-0.85,1.77,2.19,0.05,0.0
2022-03-15,2.15,-0.49,-2.39,0.75,-1.0,0.0
2022-03-16,2.61,0.44,-1.84,-1.17,-1.53,0.0
2022-03-17,1.43,0.17,-1.1,-1.6,-0.14,0.0
2022-03-18,1.33,-0.19,-1.85,-0.55,-0.77,0.0
2022-03-21,-0.18,-0.94,1.59,-0.17,1.57,0.0
2022-03-22,1.31,-0.22,-1.16,-0.82,-1.01,0.0
2022-03-23,-1.26,-0.61,0.37,-0.49,1.53,0.0
2022-03-24,1.42,-0.32,-0.79,-0.47,-0.2,0.0
2022-03-25,0.27,-0.3,2.18,0.23,1.32,0.0
2022-03-28,0.73,-0.87,-1.69,0.5,-1.17,0.0
2022-03-29,1.45,1.19,-1.93,-0.34,-0.98,0.0
2022-03-30,-0.83,-1.11,0.4,0.39,0.91,0.0
2022-03-31,-1.55,0.63,-0.44,-0.22,0.4,0.0
2022-04-01,0.39,0.57,-0.59,-0.91,0.07,0.001
2022-04-04,0.94,-0.55,-1.88,-0.78,-0.66,0.001
2022-04-05,-1.54,-0.73,0.84,0.72,0.18,0.001
2022-04-06,-1.24,-0.3,1.08,0.24,0.85,0.001
2022-04-07,0.33,-0.6,-0.13,0.37,0.34,0.001
2022-04-08,-0.39,-0.53,2.24,0.37,1.03,0.001
2022-04-11,-1.53,0.62,1.07,0.45,0.06,0.001
2022-04-12,-0.29,0.57,0.46,-0.25,1.05,0.001
2022-04-13,1.4,0.63,-0.72,-1.01,0.03,0.001
2022-04-14,-1.28,0.33,1.41,0.18,0.94,0.001
2022-04-18,-0.21,-0.58,1.81,0.76,0.62,0.001
2022-04-19,1.77,0.4,-0.95,0.53,-1.26,0.001
2022-04-20,-0.28,0.48,1.26,0.78,1.13,0.001
2022-04-21,-1.75,-0.56,0.42,1.77,0.4,0.001
2022-04-22,-2.74,0.25,-0.15,-0.14,-0.23,0.001
2022-04-25,0.71,0.11,-1.83,0.11,-1.06,0.001
2022-04-26,-3.0,-0.36,1.8,0.24,1.22,0.001
2022-04-27,0.12,-0.56,0.34,0.14,0.8,0.001
2022-04-28,2.44,-0.51,-0.44,0.46,0.09,0.001
2022-04-29,-3.53,0.86,0.59,-0.22,0.67,0.001
2022-05-02,0.8,0.38,-1.15,-0.61,-1.34,0.001
2022-05-03,0.41,0.16,1.62,-0.02,1.15,0.001
2022-05-04,3.0,-0.46,0.24,0.0,0.08,0.001
2022-05-05,-3.8,-0.24,2.37,0.59,1.15,0.001
2022-05-06,-0.85,-1.0,1.77,0.99,1.37,0.001
2022-05-09,-3.54,-0.06,1.38,4.21,-0.28,0.001
2022-05-10,0.2,-0.49,-1.22,-0.67,0.31,0.001
2022-05-11,-1.95,-0.58,2.59,0.7,0.97,0.001
2022-05-12,0.17,1.18,-1.23,-0.36,-1.14,0.001
2022-05-13,2.76,0.4,-2.21,-2.15,-0.69,0.001
2022-05-16,-0.6,0.1,1.34,0.19,1.33,0.001
2022-05-17,2.14,0.94,-0.05,-0.7,-0.32,0.001
2022-05-18,-4.04,0.46,1.54,-0.54,0.36,0.001
2022-05-19,-0.34,0.4,-0.8,-1.21,-0.86,0.001
2022-05-20,-0.05,-0.14,-0.18,-0.1,0.16,0.001
2022-05-23,1.74,-0.91,1.29,-0.04,1.03,0.001
2022-05-24,-1.23,-0.49,1.86,1.42,1.14,0.001
2022-05-25,1.22,0.75,0.21,-0.54,0.0,0.001
2022-05-26,2.18,0.02,-0.62,-0.15,-0.31,0.001
2022-05-27,2.58,0.04,-1.31,-0.66,-0.26,0.001
2022-05-31,-0.71,-0.39,0.44,0.81,-0.25,0.001
2022-06-01,-0.75,0.21,0.79,-0.19,1.08,0.003
2022-06-02,2.09,0.41,-2.07,-0.45,-1.49,0.003
2022-06-03,-1.63,1.02,0.53,-0.8,0.46,0.003
2022-06-06,0.33,0.06,0.65,0.47,0.18,0.003
2022-06-07,0.99,0.19,-0.15,-1.58,0.66,0.003
2022-06-08,-1.02,-0.26,-0.53,-0.69,-0.23,0.003
2022-06-09,-2.44,0.44,0.26,0.86,0.15,0.003
2022-06-10,-3.0,0.27,0.62,0.31,0.48,0.003
2022-06-13,-4.13,-0.48,0.62,1.71,-0.36,0.003
2022-06-14,-0.25,0.12,0.12,0.11,0.04,0.003
2022-06-15,1.55,-0.02,-1.65,-0.2,-1.14,0.003
2022-06-16,-3.52,-1.1,0.03,0.62,-0.64,0.003
2022-06-17,0.47,0.72,-2.62,0.37,-2.01,0.003
2022-06-21,2.38,-0.82,0.23,-0.92,-0.01,0.003
2022-06-22,-0.18,0.03,-1.77,0.62,-1.6,0.003
2022-06-23,1.13,0.3,-3.85,0.5,-1.87,0.003
2022-06-24,3.11,-0.41,-0.04,0.11,-0.32,0.003
2022-06-27,-0.28,0.77,1.24,-0.3,1.28,0.003
2022-06-28,-2.1,0.04,2.36,-0.68,1.29,0.003
2022-06-29,-0.2,-0.59,-1.3,1.09,-0.85,0.003
2022-06-30,-0.96,0.51,-0.14,0.89,-0.16,0.003
2022-07-01,1.15,0.0,0.11,-0.75,-0.08,0.004
2022-07-05,0.49,1.1,-3.35,-1.69,-2.14,0.004
2022-07-06,0.17,-0.89,-0.73,0.06,-0.3,0.004
2022-07-07,1.77,0.88,-0.98,-0.8,-1.33,0.004
2022-07-08,-0.07,0.07,-0.06,-0.26,-0.23,0.004
2022-07-11,-1.39,-0.97,1.59,1.69,1.24,0.004
2022-07-12,-0.88,0.87,0.51,0.07,0.82,0.004
2022-07-13,-0.39,0.43,-0.39,0.03,-0.34,0.004
2022-07-14,-0.41,-0.47,-1.01,0.81,-0.03,0.004
2022-07-15,1.95,0.04,0.45,-0.21,-0.38,0.004
2022-07-18,-0.71,0.37,1.02,0.12,-0.09,0.004
2022-07-19,2.8,0.86,-0.57,-0.3,-0.6,0.004
2022-07-20,0.89,1.09,-1.31,-1.5,-1.5,0.004
2022-07-21,0.97,-0.32,-1.61,-0.27,-0.9,0.004
2022-07-22,-1.19,-0.82,1.38,1.71,1.52,0.004
2022-07-25,0.11,0.1,1.68,0.64,0.52,0.004
2022-07-26,-1.32,0.34,1.06,0.57,1.18,0.004
2022-07-27,2.72,0.15,-1.27,-0.21,-1.35,0.004
2022-07-28,1.19,-0.04,-0.87,0.15,-0.86,0.004
2022-07-29,1.44,-0.88,0.45,0.48,-1.18,0.004
2022-08-01,-0.19,0.18,-0.26,0.17,0.35,0.008
2022-08-02,-0.49,0.56,-1.4,-2.16,-0.45,0.008
2022-08-03,1.67,0.28,-1.92,-1.48,-0.69,0.008
2022-08-04,-0.06,0.39,-1.65,-1.29,-0.84,0.008
2022-08-05,-0.05,0.95,-0.06,-1.29,-0.24,0.008
2022-08-08,0.0,0.97,-0.08,-0.45,0.21,0.008
2022-08-09,-0.68,-1.38,2.11,0.89,1.29,0.008
2022-08-10,2.36,0.77,-1.6,-1.37,-1.36,0.008
2022-08-11,-0.07,0.23,1.66,0.72,0.86,0.008
2022-08-12,1.76,0.49,-0.75,-0.66,-0.54,0.008
2022-08-15,0.38,-0.01,-0.64,-0.19,-0.01,0.008
2022-08-16,0.19,-0.15,0.72,1.04,0.54,0.008
2022-08-17,-0.93,-0.92,1.04,1.26,0.66,0.008
2022-08-18,0.27,0.35,0.47,0.77,0.08,0.008
2022-08-19,-1.5,-0.94,0.96,1.06,1.26,0.008
2022-08-22,-2.14,-0.03,0.37,0.18,0.2,0.008
2022-08-23,-0.11,0.12,0.33,-0.38,-0.2,0.008
2022-08-24,0.4,0.52,-0.62,-1.45,-0.5,0.008
2022-08-25,1.45,0.14,-0.01,0.12,-0.41,0.008
2022-08-26,-3.37,-0.28,1.69,0.24,0.86,0.008
2022-08-29,-0.72,-0.38,0.42,0.23,0.42,0.008
2022-08-30,-1.11,-0.38,-0.24,-0.25,0.12,0.008
2022-08-31,-0.74,0.22,-0.44,-0.63,-0.12,0.008
2022-09-01,-0.01,-1.04,-0.29,0.64,0.56,0.009
2022-09-02,-0.99,0.12,1.07,-0.08,0.25,0.009
2022-09-06,-0.51,-0.56,-0.52,-0.15,-0.68,0.009
2022-09-07,1.92,0.41,-1.53,-1.3,-0.53,0.009
2022-09-08,0.78,-0.15,-0.2,-1.31,-1.04,0.009
2022-09-09,1.67,0.38,-0.51,-0.1,-0.49,0.009
2022-09-12,1.07,0.26,-0.17,-0.16,-0.16,0.009
2022-09-13,-4.29,0.04,1.44,-0.32,0.9,0.009
2022-09-14,0.44,-0.18,-0.28,-0.76,-0.45,0.009
2022-09-15,-1.03,0.41,0.54,-0.37,0.21,0.009
2022-09-16,-0.98,-0.73,0.85,1.66,0.95,0.009
2022-09-19,0.72,-0.07,0.66,0.6,-0.07,0.009
2022-09-20,-1.16,-0.3,0.05,-0.12,0.34,0.009
2022-09-21,-1.68,0.34,0.08,0.37,0.09,0.009
2022-09-22,-1.14,-1.16,0.41,1.15,0.9,0.009
2022-09-23,-1.85,-0.48,-0.81,0.2,-0.23,0.009
2022-09-26,-1.02,-0.06,-0.75,0.18,-0.41,0.009
2022-09-27,-0.05,0.57,-0.93,-0.61,-0.89,0.009
2022-09-28,2.15,0.91,-0.33,-0.85,-0.71,0.009
2022-09-29,-2.17,-0.28,0.86,0.44,0.5,0.009
2022-09-30,-1.42,0.59,0.27,-0.67,-0.09,0.009
2022-10-03,2.55,0.02,0.69,0.88,0.34,0.011
2022-10-04,3.3,0.72,-0.06,-1.03,-0.3,0.011
2022-10-05,-0.22,-0.37,0.08,0.31,0.16,0.011
2022-10-06,-0.86,0.46,0.12,-0.09,-0.48,0.011
2022-10-07,-2.91,-0.23,1.67,0.95,1.45,0.011
2022-10-10,-0.81,0.24,0.77,1.54,0.4,0.011
2022-10-11,-0.7,0.61,0.32,0.58,0.66,0.011
2022-10-12,-0.28,0.03,0.01,-0.02,0.0,0.011
2022-10-13,2.4,-0.27,1.58,0.56,0.96,0.011
2022-10-14,-2.46,-0.2,1.21,0.53,1.57,0.011
2022-10-17,2.74,0.36,-1.42,-1.0,-1.17,0.011
2022-10-18,1.19,-0.13,0.0,-0.42,0.03,0.011
2022-10-19,-0.87,-1.18,1.21,0.65,0.75,0.011
2022-10-20,-0.8,-0.34,-0.43,-0.6,0.12,0.011
2022-10-21,2.3,-0.05,0.11,0.6,-0.22,0.011
2022-10-24,1.03,-0.63,0.45,1.17,0.48,0.011
2022-10-25,1.78,1.02,-1.52,-1.16,-1.23,0.011
2022-10-26,-0.66,0.69,0.89,-0.81,0.69,0.011
2022-10-27,-0.54,0.43,1.06,-0.38,0.51,0.011
2022-10-28,2.33,0.05,-0.34,0.38,0.6,0.011
2022-10-31,-0.67,0.47,0.75,-0.21,0.48,0.011
